stkcd_01,year,coname_cn_01,prvn_01,pftn_01,indusb_01,indcodeb_01,isam,pannrsm,repat,relation,trasub,direction,coname_cn_02,prvn_02,pftn_02,corebs,period
603797,2017,广东联泰环保股份有限公司,广东省,汕头市,生态保护和环境治理业,N77,226243578.3,1,3,3,1,2,达濠市政建设有限公司,广东省,汕头市,,Pre-COVID
603797,2017,广东联泰环保股份有限公司,广东省,汕头市,生态保护和环境治理业,N77,430000000,0.115127175,6,1,1,2,广东省联泰集团有限公司,广东省,汕头市,建筑行业,Pre-COVID
603797,2017,广东联泰环保股份有限公司,广东省,汕头市,生态保护和环境治理业,N77,430000000,0.115127175,6,1,1,2,广东省联泰集团有限公司,广东省,汕头市,股权投资，实业投资，环保项目投资，旅游项目投资，投资咨询，企业管理，受托资产管理；基础设施项目投资；建筑工程施工；销售：建筑材料、建筑机械设备、五金交电。,Pre-COVID
603797,2017,广东联泰环保股份有限公司,广东省,汕头市,生态保护和环境治理业,N77,120000000,0.032128514,6,1,1,2,广东省联泰集团有限公司,广东省,汕头市,建筑行业,Pre-COVID
603797,2017,广东联泰环保股份有限公司,广东省,汕头市,生态保护和环境治理业,N77,120000000,0.032128514,6,1,1,2,广东省联泰集团有限公司,广东省,汕头市,股权投资，实业投资，环保项目投资，旅游项目投资，投资咨询，企业管理，受托资产管理；基础设施项目投资；建筑工程施工；销售：建筑材料、建筑机械设备、五金交电。,Pre-COVID
603797,2017,广东联泰环保股份有限公司,广东省,汕头市,生态保护和环境治理业,N77,100000000,0.026773762,6,1,1,2,广东省联泰集团有限公司,广东省,汕头市,建筑行业,Pre-COVID
603797,2017,广东联泰环保股份有限公司,广东省,汕头市,生态保护和环境治理业,N77,100000000,0.026773762,6,1,1,2,广东省联泰集团有限公司,广东省,汕头市,股权投资，实业投资，环保项目投资，旅游项目投资，投资咨询，企业管理，受托资产管理；基础设施项目投资；建筑工程施工；销售：建筑材料、建筑机械设备、五金交电。,Pre-COVID
603797,2017,广东联泰环保股份有限公司,广东省,汕头市,生态保护和环境治理业,N77,200000000,0.053547523,6,1,1,2,广东省联泰集团有限公司,广东省,汕头市,建筑行业,Pre-COVID
603797,2017,广东联泰环保股份有限公司,广东省,汕头市,生态保护和环境治理业,N77,200000000,0.053547523,6,1,1,2,广东省联泰集团有限公司,广东省,汕头市,股权投资，实业投资，环保项目投资，旅游项目投资，投资咨询，企业管理，受托资产管理；基础设施项目投资；建筑工程施工；销售：建筑材料、建筑机械设备、五金交电。,Pre-COVID
603797,2017,广东联泰环保股份有限公司,广东省,汕头市,生态保护和环境治理业,N77,20000000,0.005354752,6,1,1,2,广东省联泰集团有限公司,广东省,汕头市,建筑行业,Pre-COVID
603797,2017,广东联泰环保股份有限公司,广东省,汕头市,生态保护和环境治理业,N77,20000000,0.005354752,6,1,1,2,广东省联泰集团有限公司,广东省,汕头市,股权投资，实业投资，环保项目投资，旅游项目投资，投资咨询，企业管理，受托资产管理；基础设施项目投资；建筑工程施工；销售：建筑材料、建筑机械设备、五金交电。,Pre-COVID
603797,2017,广东联泰环保股份有限公司,广东省,汕头市,生态保护和环境治理业,N77,80000000,0.021419009,6,1,1,2,广东省联泰集团有限公司,广东省,汕头市,建筑行业,Pre-COVID
603797,2017,广东联泰环保股份有限公司,广东省,汕头市,生态保护和环境治理业,N77,80000000,0.021419009,6,1,1,2,广东省联泰集团有限公司,广东省,汕头市,股权投资，实业投资，环保项目投资，旅游项目投资，投资咨询，企业管理，受托资产管理；基础设施项目投资；建筑工程施工；销售：建筑材料、建筑机械设备、五金交电。,Pre-COVID
603797,2017,广东联泰环保股份有限公司,广东省,汕头市,生态保护和环境治理业,N77,100000000,0.026773762,6,1,1,2,广东省联泰集团有限公司,广东省,汕头市,建筑行业,Pre-COVID
603797,2017,广东联泰环保股份有限公司,广东省,汕头市,生态保护和环境治理业,N77,100000000,0.026773762,6,1,1,2,广东省联泰集团有限公司,广东省,汕头市,股权投资，实业投资，环保项目投资，旅游项目投资，投资咨询，企业管理，受托资产管理；基础设施项目投资；建筑工程施工；销售：建筑材料、建筑机械设备、五金交电。,Pre-COVID
603797,2017,广东联泰环保股份有限公司,广东省,汕头市,生态保护和环境治理业,N77,100000000,0.026773762,6,1,1,2,广东省联泰集团有限公司,广东省,汕头市,建筑行业,Pre-COVID
603797,2017,广东联泰环保股份有限公司,广东省,汕头市,生态保护和环境治理业,N77,100000000,0.026773762,6,1,1,2,广东省联泰集团有限公司,广东省,汕头市,股权投资，实业投资，环保项目投资，旅游项目投资，投资咨询，企业管理，受托资产管理；基础设施项目投资；建筑工程施工；销售：建筑材料、建筑机械设备、五金交电。,Pre-COVID
603797,2017,广东联泰环保股份有限公司,广东省,汕头市,生态保护和环境治理业,N77,290813200,1,4,11,2,3,"汕头市联泰新溪水务有限公司,达濠市政建设有限公司",广东省,汕头市,,Pre-COVID
603797,2018,广东联泰环保股份有限公司,广东省,汕头市,生态保护和环境治理业,N77,168270767.6,1,3,3,1,2,达濠市政建设有限公司,广东省,汕头市,,Pre-COVID
603797,2018,广东联泰环保股份有限公司,广东省,汕头市,生态保护和环境治理业,N77,120000000,0.024120603,6,1,1,2,广东省联泰集团有限公司,广东省,汕头市,股权投资，实业投资，环保项目投资，旅游项目投资，投资咨询，企业管理，受托资产管理；基础设施项目投资；建筑工程施工；销售：建筑材料、建筑机械设备、五金交电,Pre-COVID
603797,2018,广东联泰环保股份有限公司,广东省,汕头市,生态保护和环境治理业,N77,120000000,0.024120603,6,1,1,2,广东省联泰集团有限公司,广东省,汕头市,建筑行业,Pre-COVID
603797,2018,广东联泰环保股份有限公司,广东省,汕头市,生态保护和环境治理业,N77,200000000,0.040201005,6,1,1,2,广东省联泰集团有限公司,广东省,汕头市,股权投资，实业投资，环保项目投资，旅游项目投资，投资咨询，企业管理，受托资产管理；基础设施项目投资；建筑工程施工；销售：建筑材料、建筑机械设备、五金交电,Pre-COVID
603797,2018,广东联泰环保股份有限公司,广东省,汕头市,生态保护和环境治理业,N77,200000000,0.040201005,6,1,1,2,广东省联泰集团有限公司,广东省,汕头市,建筑行业,Pre-COVID
603797,2018,广东联泰环保股份有限公司,广东省,汕头市,生态保护和环境治理业,N77,20000000,0.004020101,6,1,1,2,广东省联泰集团有限公司,广东省,汕头市,股权投资，实业投资，环保项目投资，旅游项目投资，投资咨询，企业管理，受托资产管理；基础设施项目投资；建筑工程施工；销售：建筑材料、建筑机械设备、五金交电,Pre-COVID
603797,2018,广东联泰环保股份有限公司,广东省,汕头市,生态保护和环境治理业,N77,20000000,0.004020101,6,1,1,2,广东省联泰集团有限公司,广东省,汕头市,建筑行业,Pre-COVID
603797,2018,广东联泰环保股份有限公司,广东省,汕头市,生态保护和环境治理业,N77,80000000,0.016080402,6,1,1,2,广东省联泰集团有限公司,广东省,汕头市,股权投资，实业投资，环保项目投资，旅游项目投资，投资咨询，企业管理，受托资产管理；基础设施项目投资；建筑工程施工；销售：建筑材料、建筑机械设备、五金交电,Pre-COVID
603797,2018,广东联泰环保股份有限公司,广东省,汕头市,生态保护和环境治理业,N77,80000000,0.016080402,6,1,1,2,广东省联泰集团有限公司,广东省,汕头市,建筑行业,Pre-COVID
603797,2018,广东联泰环保股份有限公司,广东省,汕头市,生态保护和环境治理业,N77,100000000,0.020100503,6,1,1,2,广东省联泰集团有限公司,广东省,汕头市,股权投资，实业投资，环保项目投资，旅游项目投资，投资咨询，企业管理，受托资产管理；基础设施项目投资；建筑工程施工；销售：建筑材料、建筑机械设备、五金交电,Pre-COVID
603797,2018,广东联泰环保股份有限公司,广东省,汕头市,生态保护和环境治理业,N77,100000000,0.020100503,6,1,1,2,广东省联泰集团有限公司,广东省,汕头市,建筑行业,Pre-COVID
603797,2018,广东联泰环保股份有限公司,广东省,汕头市,生态保护和环境治理业,N77,100000000,0.020100503,6,1,1,2,广东省联泰集团有限公司,广东省,汕头市,股权投资，实业投资，环保项目投资，旅游项目投资，投资咨询，企业管理，受托资产管理；基础设施项目投资；建筑工程施工；销售：建筑材料、建筑机械设备、五金交电,Pre-COVID
603797,2018,广东联泰环保股份有限公司,广东省,汕头市,生态保护和环境治理业,N77,100000000,0.020100503,6,1,1,2,广东省联泰集团有限公司,广东省,汕头市,建筑行业,Pre-COVID
603797,2018,广东联泰环保股份有限公司,广东省,汕头市,生态保护和环境治理业,N77,1000000000,0.201005025,6,1,1,2,广东省联泰集团有限公司,广东省,汕头市,股权投资，实业投资，环保项目投资，旅游项目投资，投资咨询，企业管理，受托资产管理；基础设施项目投资；建筑工程施工；销售：建筑材料、建筑机械设备、五金交电,Pre-COVID
603797,2018,广东联泰环保股份有限公司,广东省,汕头市,生态保护和环境治理业,N77,1000000000,0.201005025,6,1,1,2,广东省联泰集团有限公司,广东省,汕头市,建筑行业,Pre-COVID
603797,2018,广东联泰环保股份有限公司,广东省,汕头市,生态保护和环境治理业,N77,200000000,0.040201005,6,1,1,2,广东省联泰集团有限公司,广东省,汕头市,股权投资，实业投资，环保项目投资，旅游项目投资，投资咨询，企业管理，受托资产管理；基础设施项目投资；建筑工程施工；销售：建筑材料、建筑机械设备、五金交电,Pre-COVID
603797,2018,广东联泰环保股份有限公司,广东省,汕头市,生态保护和环境治理业,N77,200000000,0.040201005,6,1,1,2,广东省联泰集团有限公司,广东省,汕头市,建筑行业,Pre-COVID
603797,2019,广东联泰环保股份有限公司,广东省,汕头市,生态保护和环境治理业,N77,1020085397,1,3,3,1,2,达濠市政建设有限公司,广东省,汕头市,,Pre-COVID
603797,2019,广东联泰环保股份有限公司,广东省,汕头市,生态保护和环境治理业,N77,200000000,0.173160173,6,1,1,2,广东省联泰集团有限公司,广东省,汕头市,建筑行业,Pre-COVID
603797,2019,广东联泰环保股份有限公司,广东省,汕头市,生态保护和环境治理业,N77,20000000,0.017316017,6,1,1,2,广东省联泰集团有限公司,广东省,汕头市,建筑行业,Pre-COVID
603797,2019,广东联泰环保股份有限公司,广东省,汕头市,生态保护和环境治理业,N77,20000000,0.017316017,6,1,1,2,广东省联泰集团有限公司,广东省,汕头市,建筑行业,Pre-COVID
603797,2019,广东联泰环保股份有限公司,广东省,汕头市,生态保护和环境治理业,N77,120000000,0.0625,6,11,2,3,"邵阳联泰水质净化有限公司,广东省联泰集团有限公司",广东省,,,Pre-COVID
603797,2019,广东联泰环保股份有限公司,广东省,汕头市,生态保护和环境治理业,N77,80000000,0.041666667,6,11,2,3,"邵阳联泰江北水务有限公司,广东省联泰集团有限公司",广东省,,,Pre-COVID
603797,2019,广东联泰环保股份有限公司,广东省,汕头市,生态保护和环境治理业,N77,100000000,0.086580087,6,1,1,2,广东省联泰集团有限公司,广东省,汕头市,建筑行业,Pre-COVID
603797,2019,广东联泰环保股份有限公司,广东省,汕头市,生态保护和环境治理业,N77,100000000,0.086580087,6,1,1,2,广东省联泰集团有限公司,广东省,汕头市,建筑行业,Pre-COVID
603797,2019,广东联泰环保股份有限公司,广东省,汕头市,生态保护和环境治理业,N77,50000000,0.043290043,6,1,1,2,广东省联泰集团有限公司,广东省,汕头市,建筑行业,Pre-COVID
603797,2019,广东联泰环保股份有限公司,广东省,汕头市,生态保护和环境治理业,N77,1000000000,0.520833333,6,11,2,3,"长沙市联泰水质净化有限公司,广东省联泰集团有限公司",广东省,,,Pre-COVID
603797,2019,广东联泰环保股份有限公司,广东省,汕头市,生态保护和环境治理业,N77,360000000,0.1875,6,11,2,3,长沙市联泰水质净化有限公司,湖南省,长沙市,,Pre-COVID
603797,2019,广东联泰环保股份有限公司,广东省,汕头市,生态保护和环境治理业,N77,200000000,0.104166667,6,11,2,3,汕头市联泰苏南水务有限公司,广东省,汕头市,,Pre-COVID
603797,2019,广东联泰环保股份有限公司,广东省,汕头市,生态保护和环境治理业,N77,160000000,0.083333333,6,11,2,3,汕头市联泰苏北水务有限公司,广东省,汕头市,,Pre-COVID
603797,2020,广东联泰环保股份有限公司,广东省,汕头市,生态保护和环境治理业,N77,2424360825,1,3,3,1,2,达濠市政建设有限公司,广东省,汕头市,,During-COVID
603797,2020,广东联泰环保股份有限公司,广东省,汕头市,生态保护和环境治理业,N77,38700000,0.02957133,6,7,1,1,衡南县湘建泓泰环保有限责任公司,湖南省,衡南县,,During-COVID
603797,2020,广东联泰环保股份有限公司,广东省,汕头市,生态保护和环境治理业,N77,20000000,0.008940545,6,1,1,2,广东省联泰集团有限公司,广东省,汕头市,"股权投资,实业投资,环保项目投资,旅游项目投资,投资咨询,企业管理,受托资产管理;基础设施项目投资;建筑工程施工;销售:建筑材料、建筑机械设备、五金交电。(依法须经批准的项目,经相关部门批准后方可开展经营活动)",During-COVID
603797,2020,广东联泰环保股份有限公司,广东省,汕头市,生态保护和环境治理业,N77,20000000,0.008940545,6,1,1,2,广东省联泰集团有限公司,广东省,汕头市,"股权投资,实业投资,环保项目投资,旅游项目投资,投资咨询,企业管理,受托资产管理;基础设施项目投资;建筑工程施工;销售:建筑材料、建筑机械设备、五金交电。",During-COVID
603797,2020,广东联泰环保股份有限公司,广东省,汕头市,生态保护和环境治理业,N77,20000000,0.008940545,6,1,1,2,广东省联泰集团有限公司,广东省,汕头市,建筑行业,During-COVID
603797,2020,广东联泰环保股份有限公司,广东省,汕头市,生态保护和环境治理业,N77,120000000,0.053643272,6,11,1,2,广东省联泰集团有限公司,广东省,,,During-COVID
603797,2020,广东联泰环保股份有限公司,广东省,汕头市,生态保护和环境治理业,N77,120000000,0.057142857,6,11,2,3,"邵阳联泰水质净化有限公司,广东省联泰集团有限公司",广东省,,,During-COVID
603797,2020,广东联泰环保股份有限公司,广东省,汕头市,生态保护和环境治理业,N77,80000000,0.061129365,6,11,1,1,"广东省联泰集团有限公司,邵阳联泰江北水务有限公司",广东省,,,During-COVID
603797,2020,广东联泰环保股份有限公司,广东省,汕头市,生态保护和环境治理业,N77,100000000,0.044702727,6,1,1,2,广东省联泰集团有限公司,广东省,汕头市,"股权投资,实业投资,环保项目投资,旅游项目投资,投资咨询,企业管理,受托资产管理;基础设施项目投资;建筑工程施工;销售:建筑材料、建筑机械设备、五金交电。(依法须经批准的项目,经相关部门批准后方可开展经营活动)",During-COVID
603797,2020,广东联泰环保股份有限公司,广东省,汕头市,生态保护和环境治理业,N77,100000000,0.044702727,6,1,1,2,广东省联泰集团有限公司,广东省,汕头市,"股权投资,实业投资,环保项目投资,旅游项目投资,投资咨询,企业管理,受托资产管理;基础设施项目投资;建筑工程施工;销售:建筑材料、建筑机械设备、五金交电。",During-COVID
603797,2020,广东联泰环保股份有限公司,广东省,汕头市,生态保护和环境治理业,N77,100000000,0.044702727,6,1,1,2,广东省联泰集团有限公司,广东省,汕头市,建筑行业,During-COVID
603797,2020,广东联泰环保股份有限公司,广东省,汕头市,生态保护和环境治理业,N77,100000000,0.044702727,6,1,1,2,广东省联泰集团有限公司,广东省,汕头市,"股权投资,实业投资,环保项目投资,旅游项目投资,投资咨询,企业管理,受托资产管理;基础设施项目投资;建筑工程施工;销售:建筑材料、建筑机械设备、五金交电。(依法须经批准的项目,经相关部门批准后方可开展经营活动)",During-COVID
603797,2020,广东联泰环保股份有限公司,广东省,汕头市,生态保护和环境治理业,N77,100000000,0.044702727,6,1,1,2,广东省联泰集团有限公司,广东省,汕头市,"股权投资,实业投资,环保项目投资,旅游项目投资,投资咨询,企业管理,受托资产管理;基础设施项目投资;建筑工程施工;销售:建筑材料、建筑机械设备、五金交电。",During-COVID
603797,2020,广东联泰环保股份有限公司,广东省,汕头市,生态保护和环境治理业,N77,100000000,0.044702727,6,1,1,2,广东省联泰集团有限公司,广东省,汕头市,建筑行业,During-COVID
603797,2020,广东联泰环保股份有限公司,广东省,汕头市,生态保护和环境治理业,N77,50000000,0.022351363,6,11,1,2,广东省联泰集团有限公司,广东省,,,During-COVID
603797,2020,广东联泰环保股份有限公司,广东省,汕头市,生态保护和环境治理业,N77,1000000000,0.476190476,6,11,2,3,"长沙市联泰水质净化有限公司,广东省联泰集团有限公司",广东省,,,During-COVID
603797,2020,广东联泰环保股份有限公司,广东省,汕头市,生态保护和环境治理业,N77,420000000,0.320929166,6,11,1,1,湖南联泰嘉禾环境科技有限公司,湖南省,,,During-COVID
603797,2020,广东联泰环保股份有限公司,广东省,汕头市,生态保护和环境治理业,N77,980000000,0.466666667,6,11,2,3,湖南联泰嘉禾环境科技有限公司,湖南省,,,During-COVID
603797,2020,广东联泰环保股份有限公司,广东省,汕头市,生态保护和环境治理业,N77,410000000,0.313287996,6,11,1,1,"广东省联泰集团有限公司,汕头市联泰城西水务有限公司",广东省,,,During-COVID
603797,2020,广东联泰环保股份有限公司,广东省,汕头市,生态保护和环境治理业,N77,204000000,0.091193563,6,1,1,2,广东省联泰集团有限公司,广东省,汕头市,"股权投资,实业投资,环保项目投资,旅游项目投资,投资咨询,企业管理,受托资产管理;基础设施项目投资;建筑工程施工;销售:建筑材料、建筑机械设备、五金交电。(依法须经批准的项目,经相关部门批准后方可开展经营活动)",During-COVID
603797,2020,广东联泰环保股份有限公司,广东省,汕头市,生态保护和环境治理业,N77,204000000,0.091193563,6,1,1,2,广东省联泰集团有限公司,广东省,汕头市,"股权投资,实业投资,环保项目投资,旅游项目投资,投资咨询,企业管理,受托资产管理;基础设施项目投资;建筑工程施工;销售:建筑材料、建筑机械设备、五金交电。",During-COVID
603797,2020,广东联泰环保股份有限公司,广东省,汕头市,生态保护和环境治理业,N77,204000000,0.091193563,6,1,1,2,广东省联泰集团有限公司,广东省,汕头市,建筑行业,During-COVID
603797,2020,广东联泰环保股份有限公司,广东省,汕头市,生态保护和环境治理业,N77,200000000,0.152823413,6,11,1,1,汕头市联泰苏南水务有限公司,广东省,汕头市,,During-COVID
603797,2020,广东联泰环保股份有限公司,广东省,汕头市,生态保护和环境治理业,N77,160000000,0.12225873,6,11,1,1,汕头市联泰苏南水务有限公司,广东省,汕头市,,During-COVID
603797,2020,广东联泰环保股份有限公司,广东省,汕头市,生态保护和环境治理业,N77,102948500,0.507514229,13,3,1,3,达濠市政建设有限公司,广东省,汕头市,,During-COVID
603797,2020,广东联泰环保股份有限公司,广东省,汕头市,生态保护和环境治理业,N77,99900000,0.492485771,13,3,1,3,达濠市政建设有限公司,广东省,汕头市,,During-COVID
603797,2021,广东联泰环保股份有限公司,广东省,汕头市,生态保护和环境治理业,N77,896672136.6,1,3,3,1,2,达濠市政建设有限公司,广东省,汕头市,,During-COVID
603797,2021,广东联泰环保股份有限公司,广东省,汕头市,生态保护和环境治理业,N77,38700000,0.02957133,6,7,1,1,衡南县湘建泓泰环保有限责任公司,湖南省,衡南县,,During-COVID
603797,2021,广东联泰环保股份有限公司,广东省,汕头市,生态保护和环境治理业,N77,20000000,0.018957346,6,1,1,2,广东省联泰集团有限公司,广东省,汕头市,建筑行业,During-COVID
603797,2021,广东联泰环保股份有限公司,广东省,汕头市,生态保护和环境治理业,N77,120000000,0.113744076,6,1,1,2,广东省联泰集团有限公司,广东省,汕头市,建筑行业,During-COVID
603797,2021,广东联泰环保股份有限公司,广东省,汕头市,生态保护和环境治理业,N77,200000000,0.083892617,6,11,2,3,"邵阳联泰水质净化有限公司,广东省联泰集团有限公司",广东省,,,During-COVID
603797,2021,广东联泰环保股份有限公司,广东省,汕头市,生态保护和环境治理业,N77,100000000,0.09478673,6,1,1,2,广东省联泰集团有限公司,广东省,汕头市,建筑行业,During-COVID
603797,2021,广东联泰环保股份有限公司,广东省,汕头市,生态保护和环境治理业,N77,120000000,0.113744076,6,1,1,2,广东省联泰集团有限公司,广东省,汕头市,建筑行业,During-COVID
603797,2021,广东联泰环保股份有限公司,广东省,汕头市,生态保护和环境治理业,N77,80000000,0.061129365,6,11,1,1,"广东省联泰集团有限公司,邵阳联泰水质净化有限公司",广东省,,,During-COVID
603797,2021,广东联泰环保股份有限公司,广东省,汕头市,生态保护和环境治理业,N77,100000000,0.09478673,6,1,1,2,广东省联泰集团有限公司,广东省,汕头市,建筑行业,During-COVID
603797,2021,广东联泰环保股份有限公司,广东省,汕头市,生态保护和环境治理业,N77,100000000,0.09478673,6,1,1,2,广东省联泰集团有限公司,广东省,汕头市,建筑行业,During-COVID
603797,2021,广东联泰环保股份有限公司,广东省,汕头市,生态保护和环境治理业,N77,50000000,0.047393365,6,1,1,2,广东省联泰集团有限公司,广东省,汕头市,建筑行业,During-COVID
603797,2021,广东联泰环保股份有限公司,广东省,汕头市,生态保护和环境治理业,N77,1000000000,0.419463087,6,11,2,3,"长沙市联泰水质净化有限公司,广东省联泰集团有限公司",广东省,,,During-COVID
603797,2021,广东联泰环保股份有限公司,广东省,汕头市,生态保护和环境治理业,N77,420000000,0.320929166,6,11,1,1,湖南联泰嘉禾环境科技有限公司,湖南省,,,During-COVID
603797,2021,广东联泰环保股份有限公司,广东省,汕头市,生态保护和环境治理业,N77,980000000,0.411073826,6,11,2,3,湖南联泰嘉禾环境科技有限公司,湖南省,,,During-COVID
603797,2021,广东联泰环保股份有限公司,广东省,汕头市,生态保护和环境治理业,N77,410000000,0.313287996,6,11,1,1,"广东省联泰集团有限公司,汕头市联泰城西水务有限公司",广东省,,,During-COVID
603797,2021,广东联泰环保股份有限公司,广东省,汕头市,生态保护和环境治理业,N77,204000000,0.08557047,6,11,2,3,"汕头联泰关埠水务有限公司,广东省联泰集团有限公司",广东省,,,During-COVID
603797,2021,广东联泰环保股份有限公司,广东省,汕头市,生态保护和环境治理业,N77,200000000,0.152823413,6,11,1,1,汕头市联泰苏南水务有限公司,广东省,汕头市,,During-COVID
603797,2021,广东联泰环保股份有限公司,广东省,汕头市,生态保护和环境治理业,N77,160000000,0.12225873,6,11,1,1,汕头市联泰苏北水务有限公司,广东省,汕头市,,During-COVID
603797,2022,广东联泰环保股份有限公司,广东省,汕头市,生态保护和环境治理业,N77,288279291.2,1,3,3,1,2,达濠市政建设有限公司,广东省,汕头市,,During-COVID
603797,2022,广东联泰环保股份有限公司,广东省,汕头市,生态保护和环境治理业,N77,38700000,1,6,7,1,1,衡南县湘建泓泰环保有限责任公司,湖南省,衡南县,,During-COVID
603797,2022,广东联泰环保股份有限公司,广东省,汕头市,生态保护和环境治理业,N77,20000000,0.004066446,6,1,1,2,广东省联泰集团有限公司,广东省,汕头市,建筑行业,During-COVID
603797,2022,广东联泰环保股份有限公司,广东省,汕头市,生态保护和环境治理业,N77,120000000,0.024398674,6,1,1,2,广东省联泰集团有限公司,广东省,汕头市,建筑行业,During-COVID
603797,2022,广东联泰环保股份有限公司,广东省,汕头市,生态保护和环境治理业,N77,200000000,0.040664457,6,1,1,2,广东省联泰集团有限公司,广东省,汕头市,建筑行业,During-COVID
603797,2022,广东联泰环保股份有限公司,广东省,汕头市,生态保护和环境治理业,N77,99650000,0.020261066,6,1,1,2,广东省联泰集团有限公司,广东省,汕头市,建筑行业,During-COVID
603797,2022,广东联泰环保股份有限公司,广东省,汕头市,生态保护和环境治理业,N77,100000000,0.020332229,6,1,1,2,广东省联泰集团有限公司,广东省,汕头市,建筑行业,During-COVID
603797,2022,广东联泰环保股份有限公司,广东省,汕头市,生态保护和环境治理业,N77,120000000,0.024398674,6,1,1,2,广东省联泰集团有限公司,广东省,汕头市,建筑行业,During-COVID
603797,2022,广东联泰环保股份有限公司,广东省,汕头市,生态保护和环境治理业,N77,80000000,0.016265783,6,1,1,2,广东省联泰集团有限公司,广东省,汕头市,建筑行业,During-COVID
603797,2022,广东联泰环保股份有限公司,广东省,汕头市,生态保护和环境治理业,N77,100000000,0.020332229,6,1,1,2,广东省联泰集团有限公司,广东省,汕头市,建筑行业,During-COVID
603797,2022,广东联泰环保股份有限公司,广东省,汕头市,生态保护和环境治理业,N77,100000000,0.020332229,6,1,1,2,广东省联泰集团有限公司,广东省,汕头市,建筑行业,During-COVID
603797,2022,广东联泰环保股份有限公司,广东省,汕头市,生态保护和环境治理业,N77,50000000,0.010166114,6,1,1,2,广东省联泰集团有限公司,广东省,汕头市,建筑行业,During-COVID
603797,2022,广东联泰环保股份有限公司,广东省,汕头市,生态保护和环境治理业,N77,1000000000,0.203322286,6,1,1,2,广东省联泰集团有限公司,广东省,汕头市,建筑行业,During-COVID
603797,2022,广东联泰环保股份有限公司,广东省,汕头市,生态保护和环境治理业,N77,420000000,0.08539536,6,1,1,2,广东省联泰集团有限公司,广东省,汕头市,建筑行业,During-COVID
603797,2022,广东联泰环保股份有限公司,广东省,汕头市,生态保护和环境治理业,N77,980000000,0.19925584,6,1,1,2,广东省联泰集团有限公司,广东省,汕头市,建筑行业,During-COVID
603797,2022,广东联泰环保股份有限公司,广东省,汕头市,生态保护和环境治理业,N77,410000000,0.083362137,6,1,1,2,广东省联泰集团有限公司,广东省,汕头市,建筑行业,During-COVID
603797,2022,广东联泰环保股份有限公司,广东省,汕头市,生态保护和环境治理业,N77,204000000,0.041477746,6,1,1,2,广东省联泰集团有限公司,广东省,汕头市,建筑行业,During-COVID
603797,2022,广东联泰环保股份有限公司,广东省,汕头市,生态保护和环境治理业,N77,136921529.9,0.824396656,13,3,1,2,达濠市政建设有限公司,广东省,汕头市,,During-COVID
603797,2022,广东联泰环保股份有限公司,广东省,汕头市,生态保护和环境治理业,N77,25045424.53,0.150797061,13,3,1,2,达濠市政建设有限公司,广东省,汕头市,,During-COVID
603797,2022,广东联泰环保股份有限公司,广东省,汕头市,生态保护和环境治理业,N77,4120000,0.024806283,13,3,1,2,达濠市政建设有限公司,广东省,汕头市,,During-COVID
603797,2022,广东联泰环保股份有限公司,广东省,汕头市,生态保护和环境治理业,N77,830000000,0.686464978,5,12,1,1,汕头市得成投资有限公司,广东省,汕头市,,During-COVID
603797,2022,广东联泰环保股份有限公司,广东省,汕头市,生态保护和环境治理业,N77,370000000,0.306014508,5,12,1,1,汕头市得成投资有限公司,广东省,汕头市,,During-COVID
603797,2022,广东联泰环保股份有限公司,广东省,汕头市,生态保护和环境治理业,N77,5841855,0.004831601,5,12,1,1,汕头市得成投资有限公司,广东省,汕头市,,During-COVID
603797,2022,广东联泰环保股份有限公司,广东省,汕头市,生态保护和环境治理业,N77,3251145,0.002688912,5,12,1,1,汕头市得成投资有限公司,广东省,汕头市,,During-COVID
603797,2023,广东联泰环保股份有限公司,广东省,汕头市,生态保护和环境治理业,N77,1074892,1,13,11,2,3,"深圳市联泰实业发展有限公司,汕头市联泰投资有限公司",广东省,,,Post-COVID
603797,2023,广东联泰环保股份有限公司,广东省,汕头市,生态保护和环境治理业,N77,20967900,0.510000365,13,12,1,2,汕头市得成投资有限公司,广东省,汕头市,,Post-COVID
603797,2023,广东联泰环保股份有限公司,广东省,汕头市,生态保护和环境治理业,N77,20145600,0.489999635,13,12,1,2,汕头市联泰投资有限公司,广东省,汕头市,,Post-COVID
603797,2023,广东联泰环保股份有限公司,广东省,汕头市,生态保护和环境治理业,N77,90000000,1,13,12,1,1,汕头市联泰投资有限公司,广东省,汕头市,,Post-COVID
603797,2023,广东联泰环保股份有限公司,广东省,汕头市,生态保护和环境治理业,N77,370000000,0.991289658,5,12,1,1,汕头市得成投资有限公司,广东省,汕头市,,Post-COVID
603797,2023,广东联泰环保股份有限公司,广东省,汕头市,生态保护和环境治理业,N77,3251145,0.008710342,5,12,1,1,汕头市得成投资有限公司,广东省,汕头市,,Post-COVID
603797,2023,广东联泰环保股份有限公司,广东省,汕头市,生态保护和环境治理业,N77,127580951.7,1,3,3,1,2,达濠市政建设有限公司,广东省,汕头市,,Post-COVID
603797,2023,广东联泰环保股份有限公司,广东省,汕头市,生态保护和环境治理业,N77,4805.67,1,8,7,1,1,汕头市投控联泰环境科技有限公司,广东省,汕头市,,Post-COVID
603797,2023,广东联泰环保股份有限公司,广东省,汕头市,生态保护和环境治理业,N77,38700000,0.071839614,6,7,1,1,衡南县湘建泓泰环保有限责任公司,湖南省,衡南县,,Post-COVID
603797,2023,广东联泰环保股份有限公司,广东省,汕头市,生态保护和环境治理业,N77,20000000,0.014344115,6,1,1,2,广东省联泰集团有限公司,广东省,汕头市,建筑行业,Post-COVID
603797,2023,广东联泰环保股份有限公司,广东省,汕头市,生态保护和环境治理业,N77,120000000,0.086064692,6,11,1,2,广东省联泰集团有限公司,广东省,,,Post-COVID
603797,2023,广东联泰环保股份有限公司,广东省,汕头市,生态保护和环境治理业,N77,200000000,0.143441153,6,1,1,2,广东省联泰集团有限公司,广东省,汕头市,建筑行业,Post-COVID
603797,2023,广东联泰环保股份有限公司,广东省,汕头市,生态保护和环境治理业,N77,99650000,0.071469555,6,11,1,2,广东省联泰集团有限公司,广东省,,,Post-COVID
603797,2023,广东联泰环保股份有限公司,广东省,汕头市,生态保护和环境治理业,N77,100000000,0.071720577,6,11,1,2,广东省联泰集团有限公司,广东省,,,Post-COVID
603797,2023,广东联泰环保股份有限公司,广东省,汕头市,生态保护和环境治理业,N77,120000000,0.045045045,6,11,2,3,"邵阳联泰水质净化有限公司,广东省联泰集团有限公司",广东省,,,Post-COVID
603797,2023,广东联泰环保股份有限公司,广东省,汕头市,生态保护和环境治理业,N77,80000000,0.148505662,6,11,1,1,"广东省联泰集团有限公司,邵阳联泰江北水务有限公司",广东省,,,Post-COVID
603797,2023,广东联泰环保股份有限公司,广东省,汕头市,生态保护和环境治理业,N77,200000000,0.143441153,6,1,1,2,广东省联泰集团有限公司,广东省,汕头市,建筑行业,Post-COVID
603797,2023,广东联泰环保股份有限公司,广东省,汕头市,生态保护和环境治理业,N77,50000000,0.035860288,6,11,1,2,广东省联泰集团有限公司,广东省,,,Post-COVID
603797,2023,广东联泰环保股份有限公司,广东省,汕头市,生态保护和环境治理业,N77,1000000000,0.375375375,6,11,2,3,"长沙市联泰水质净化有限公司,广东省联泰集团有限公司",广东省,,,Post-COVID
603797,2023,广东联泰环保股份有限公司,广东省,汕头市,生态保护和环境治理业,N77,420000000,0.779654724,6,11,1,1,湖南联泰嘉禾环境科技有限公司,湖南省,,,Post-COVID
603797,2023,广东联泰环保股份有限公司,广东省,汕头市,生态保护和环境治理业,N77,980000000,0.367867868,6,11,2,3,湖南联泰嘉禾环境科技有限公司,湖南省,,,Post-COVID
603797,2023,广东联泰环保股份有限公司,广东省,汕头市,生态保护和环境治理业,N77,204000000,0.076576577,6,11,2,3,"汕头联泰关埠水务有限公司,广东省联泰集团有限公司",广东省,,,Post-COVID
603797,2023,广东联泰环保股份有限公司,广东省,汕头市,生态保护和环境治理业,N77,50000000,0.035860288,6,11,1,2,"汕头市天汇健生物技术有限公司,广东省联泰集团有限公司",广东省,,,Post-COVID
603797,2023,广东联泰环保股份有限公司,广东省,汕头市,生态保护和环境治理业,N77,200000000,0.075075075,6,11,2,3,汕头市联泰苏南水务有限公司,广东省,汕头市,,Post-COVID
603797,2023,广东联泰环保股份有限公司,广东省,汕头市,生态保护和环境治理业,N77,160000000,0.06006006,6,11,2,3,汕头市联泰苏北水务有限公司,广东省,汕头市,,Post-COVID
603797,2024,广东联泰环保股份有限公司,广东省,汕头市,生态保护和环境治理业,N77,44709619.51,1,3,12,1,2,达濠市政建设有限公司,广东省,汕头市,,Post-COVID
603797,2024,广东联泰环保股份有限公司,广东省,汕头市,生态保护和环境治理业,N77,380991.32,1,8,7,1,1,汕头市投控联泰环境科技有限公司,广东省,汕头市,,Post-COVID
603797,2024,广东联泰环保股份有限公司,广东省,汕头市,生态保护和环境治理业,N77,38700000,1,6,7,1,1,衡南县湘建泓泰环保有限责任公司,湖南省,衡南县,,Post-COVID
603797,2024,广东联泰环保股份有限公司,广东省,汕头市,生态保护和环境治理业,N77,20000000,0.004169881,6,1,1,2,广东省联泰集团有限公司,广东省,汕头市,建筑行业,Post-COVID
603797,2024,广东联泰环保股份有限公司,广东省,汕头市,生态保护和环境治理业,N77,120000000,0.025019286,6,1,1,2,广东省联泰集团有限公司,广东省,汕头市,建筑行业,Post-COVID
603797,2024,广东联泰环保股份有限公司,广东省,汕头市,生态保护和环境治理业,N77,150000000,0.031274107,6,1,1,2,广东省联泰集团有限公司,广东省,汕头市,建筑行业,Post-COVID
603797,2024,广东联泰环保股份有限公司,广东省,汕头市,生态保护和环境治理业,N77,200000000,0.041698809,6,1,1,2,广东省联泰集团有限公司,广东省,汕头市,建筑行业,Post-COVID
603797,2024,广东联泰环保股份有限公司,广东省,汕头市,生态保护和环境治理业,N77,99650000,0.020776432,6,1,1,2,广东省联泰集团有限公司,广东省,汕头市,建筑行业,Post-COVID
603797,2024,广东联泰环保股份有限公司,广东省,汕头市,生态保护和环境治理业,N77,80000000,0.016679524,6,1,1,2,广东省联泰集团有限公司,广东省,汕头市,建筑行业,Post-COVID
603797,2024,广东联泰环保股份有限公司,广东省,汕头市,生态保护和环境治理业,N77,100000000,0.020849405,6,1,1,2,广东省联泰集团有限公司,广东省,汕头市,建筑行业,Post-COVID
603797,2024,广东联泰环保股份有限公司,广东省,汕头市,生态保护和环境治理业,N77,120000000,0.025019286,6,1,1,2,广东省联泰集团有限公司,广东省,汕头市,建筑行业,Post-COVID
603797,2024,广东联泰环保股份有限公司,广东省,汕头市,生态保护和环境治理业,N77,80000000,0.016679524,6,1,1,2,广东省联泰集团有限公司,广东省,汕头市,建筑行业,Post-COVID
603797,2024,广东联泰环保股份有限公司,广东省,汕头市,生态保护和环境治理业,N77,200000000,0.041698809,6,1,1,2,广东省联泰集团有限公司,广东省,汕头市,建筑行业,Post-COVID
603797,2024,广东联泰环保股份有限公司,广东省,汕头市,生态保护和环境治理业,N77,39000000,0.008131268,6,1,1,2,广东省联泰集团有限公司,广东省,汕头市,建筑行业,Post-COVID
603797,2024,广东联泰环保股份有限公司,广东省,汕头市,生态保护和环境治理业,N77,1000000000,0.208494047,6,1,1,2,广东省联泰集团有限公司,广东省,汕头市,建筑行业,Post-COVID
603797,2024,广东联泰环保股份有限公司,广东省,汕头市,生态保护和环境治理业,N77,420000000,0.0875675,6,1,1,2,广东省联泰集团有限公司,广东省,汕头市,建筑行业,Post-COVID
603797,2024,广东联泰环保股份有限公司,广东省,汕头市,生态保护和环境治理业,N77,980000000,0.204324167,6,1,1,2,广东省联泰集团有限公司,广东省,汕头市,建筑行业,Post-COVID
603797,2024,广东联泰环保股份有限公司,广东省,汕头市,生态保护和环境治理业,N77,204000000,0.042532786,6,1,1,2,广东省联泰集团有限公司,广东省,汕头市,建筑行业,Post-COVID
603808,2017,深圳歌力思服饰股份有限公司,广东省,深圳市,纺织服装、服饰业,C18,79000000,1,13,6,1,2,深圳前海复星长歌时尚产业投资基金(有限合伙),广东省,,,Pre-COVID
603808,2018,深圳歌力思服饰股份有限公司,广东省,深圳市,纺织服装、服饰业,C18,135820946.1,1,13,12,1,2,广东华悦国际发展投资控股集团有限公司,广东省,深圳市,,Pre-COVID
603808,2019,深圳歌力思服饰股份有限公司,广东省,深圳市,纺织服装、服饰业,C18,1047614.59,0.431008171,1,6,1,2,亚太专业电子商务有限公司,香港特别行政区,,,Pre-COVID
603808,2019,深圳歌力思服饰股份有限公司,广东省,深圳市,纺织服装、服饰业,C18,1382999.63,0.568991829,1,6,1,2,易亚国际控股有限公司,香港特别行政区,,,Pre-COVID
603808,2019,深圳歌力思服饰股份有限公司,广东省,深圳市,纺织服装、服饰业,C18,2592856.35,0.878146745,1,6,1,1,亚太专业电子商务有限公司,香港特别行政区,,,Pre-COVID
603808,2019,深圳歌力思服饰股份有限公司,广东省,深圳市,纺织服装、服饰业,C18,359789.51,0.121853255,1,6,1,1,易亚国际控股有限公司,香港特别行政区,,,Pre-COVID
603808,2020,深圳歌力思服饰股份有限公司,广东省,深圳市,纺织服装、服饰业,C18,4734499.59,0.78791481,1,7,1,2,上海百秋网络科技有限公司,上海市,,,During-COVID
603808,2020,深圳歌力思服饰股份有限公司,广东省,深圳市,纺织服装、服饰业,C18,1274398.24,0.21208519,1,12,1,2,深圳全棉时代科技有限公司,广东省,,,During-COVID
603808,2021,深圳歌力思服饰股份有限公司,广东省,深圳市,纺织服装、服饰业,C18,6456066.53,1,1,7,1,2,上海百秋尚美科技服务集团股份有限公司,上海市,,,During-COVID
603808,2022,深圳歌力思服饰股份有限公司,广东省,深圳市,纺织服装、服饰业,C18,1000000,0.058823529,5,12,1,1,深圳市马亚诺实业有限公司,广东省,,,During-COVID
603808,2022,深圳歌力思服饰股份有限公司,广东省,深圳市,纺织服装、服饰业,C18,1000000,0.058823529,5,12,1,1,深圳市马亚诺实业有限公司,广东省,,,During-COVID
603808,2022,深圳歌力思服饰股份有限公司,广东省,深圳市,纺织服装、服饰业,C18,1000000,0.058823529,5,12,1,1,深圳市马亚诺实业有限公司,广东省,,,During-COVID
603808,2022,深圳歌力思服饰股份有限公司,广东省,深圳市,纺织服装、服饰业,C18,1000000,0.058823529,5,12,1,1,深圳市马亚诺实业有限公司,广东省,,,During-COVID
603808,2022,深圳歌力思服饰股份有限公司,广东省,深圳市,纺织服装、服饰业,C18,1000000,0.058823529,5,12,1,1,深圳市马亚诺实业有限公司,广东省,,,During-COVID
603808,2022,深圳歌力思服饰股份有限公司,广东省,深圳市,纺织服装、服饰业,C18,2000000,0.117647059,5,12,1,1,深圳市马亚诺实业有限公司,广东省,,,During-COVID
603808,2022,深圳歌力思服饰股份有限公司,广东省,深圳市,纺织服装、服饰业,C18,2000000,0.117647059,5,12,1,1,深圳市马亚诺实业有限公司,广东省,,,During-COVID
603808,2022,深圳歌力思服饰股份有限公司,广东省,深圳市,纺织服装、服饰业,C18,4000000,0.235294118,5,12,1,1,深圳市马亚诺实业有限公司,广东省,,,During-COVID
603808,2022,深圳歌力思服饰股份有限公司,广东省,深圳市,纺织服装、服饰业,C18,2000000,0.117647059,5,12,1,1,深圳市马亚诺实业有限公司,广东省,,,During-COVID
603808,2022,深圳歌力思服饰股份有限公司,广东省,深圳市,纺织服装、服饰业,C18,1000000,0.058823529,5,12,1,1,深圳市马亚诺实业有限公司,广东省,,,During-COVID
603808,2022,深圳歌力思服饰股份有限公司,广东省,深圳市,纺织服装、服饰业,C18,700000,0.041176471,5,12,1,1,深圳市马亚诺实业有限公司,广东省,,,During-COVID
603808,2022,深圳歌力思服饰股份有限公司,广东省,深圳市,纺织服装、服饰业,C18,300000,0.017647059,5,12,1,1,深圳市马亚诺实业有限公司,广东省,,,During-COVID
603808,2022,深圳歌力思服饰股份有限公司,广东省,深圳市,纺织服装、服饰业,C18,5067265.42,1,1,7,1,2,上海百秋尚美科技服务集团股份有限公司,上海市,,,During-COVID
603808,2023,深圳歌力思服饰股份有限公司,广东省,深圳市,纺织服装、服饰业,C18,6042554.7,1,1,7,1,2,上海百秋尚美科技服务集团股份有限公司,上海市,,,Post-COVID
603808,2024,深圳歌力思服饰股份有限公司,广东省,深圳市,纺织服装、服饰业,C18,4105761.21,1,1,7,1,2,上海百秋尚美科技服务集团股份有限公司,上海市,,,Post-COVID
603813,2017,广东原尚物流股份有限公司,广东省,广州市,道路运输业,G54,66000,1,7,1,1,2,广州原尚投资有限公司,广东省,广州市,投资控股,Pre-COVID
603813,2018,广东原尚物流股份有限公司,广东省,广州市,道路运输业,G54,66000,0.5,7,1,1,2,原尚投资控股有限公司,广东省,广州市,投资控股,Pre-COVID
603813,2018,广东原尚物流股份有限公司,广东省,广州市,道路运输业,G54,66000,0.5,7,1,1,2,原尚投资控股有限公司,广东省,广州市,商务服务业,Pre-COVID
603813,2019,广东原尚物流股份有限公司,广东省,广州市,道路运输业,G54,49500,1,7,1,1,2,原尚投资控股有限公司,广东省,广州市,投资控股,Pre-COVID
603813,2019,广东原尚物流股份有限公司,广东省,广州市,道路运输业,G54,223092.42,1,13,1,1,2,原尚投资控股有限公司,广东省,广州市,投资控股,Pre-COVID
603813,2020,广东原尚物流股份有限公司,广东省,广州市,道路运输业,G54,1584905.69,1,3,3,1,2,广州荟宏科技有限公司,广东省,广州市,,During-COVID
603813,2020,广东原尚物流股份有限公司,广东省,广州市,道路运输业,G54,56640.32,1,1,12,1,1,重庆汇合通供应链管理有限公司,重庆市,,,During-COVID
603813,2021,广东原尚物流股份有限公司,广东省,广州市,道路运输业,G54,1712266.06,0.920835247,3,3,1,2,广州荟宏科技有限公司,广东省,广州市,,During-COVID
603813,2021,广东原尚物流股份有限公司,广东省,广州市,道路运输业,G54,59416.53,0.031953466,3,12,1,2,广东恒晨物流有限公司,广东省,,,During-COVID
603813,2021,广东原尚物流股份有限公司,广东省,广州市,道路运输业,G54,87788,0.047211287,3,3,1,2,广州荟尚餐饮管理有限公司,广东省,广州市,,During-COVID
603813,2021,广东原尚物流股份有限公司,广东省,广州市,道路运输业,G54,161122.05,1,7,3,1,1,广州荟尚餐饮管理有限公司,广东省,广州市,,During-COVID
603813,2022,广东原尚物流股份有限公司,广东省,广州市,道路运输业,G54,2783018.8,0.592708631,3,3,1,2,广州荟宏科技有限公司,广东省,广州市,,During-COVID
603813,2022,广东原尚物流股份有限公司,广东省,广州市,道路运输业,G54,1877963.78,0.399956099,3,12,1,2,广东恒晨物流有限公司,广东省,,,During-COVID
603813,2022,广东原尚物流股份有限公司,广东省,广州市,道路运输业,G54,34442.21,0.00733527,3,3,1,2,广州荟尚餐饮管理有限公司,广东省,广州市,,During-COVID
603813,2022,广东原尚物流股份有限公司,广东省,广州市,道路运输业,G54,701208.69,1,7,3,1,1,广州荟尚餐饮管理有限公司,广东省,广州市,,During-COVID
603813,2023,广东原尚物流股份有限公司,广东省,广州市,道路运输业,G54,697696.66,0.993468211,7,3,1,1,广州荟尚餐饮管理有限公司,广东省,广州市,,Post-COVID
603813,2023,广东原尚物流股份有限公司,广东省,广州市,道路运输业,G54,4587.17,0.006531789,7,7,1,1,广东原锋新能源科技有限公司,广东省,,,Post-COVID
603813,2023,广东原尚物流股份有限公司,广东省,广州市,道路运输业,G54,1660377.36,0.753258492,3,3,1,2,广州荟宏科技有限公司,广东省,广州市,,Post-COVID
603813,2023,广东原尚物流股份有限公司,广东省,广州市,道路运输业,G54,65029.38,0.029501687,3,12,1,2,广东恒晨物流有限公司,广东省,,,Post-COVID
603813,2023,广东原尚物流股份有限公司,广东省,广州市,道路运输业,G54,66696.2,0.030257868,3,3,1,2,广州荟尚餐饮管理有限公司,广东省,广州市,,Post-COVID
603813,2023,广东原尚物流股份有限公司,广东省,广州市,道路运输业,G54,412156.79,0.186981953,3,3,1,2,广州荟宁餐饮管理有限公司,广东省,广州市,,Post-COVID
603813,2023,广东原尚物流股份有限公司,广东省,广州市,道路运输业,G54,99949.45,0.883947843,2,3,1,1,福建荟仓行投资开发有限公司,福建省,,,Post-COVID
603813,2023,广东原尚物流股份有限公司,广东省,广州市,道路运输业,G54,13122.21,0.116052157,2,3,1,1,广州荟尚餐饮管理有限公司,广东省,广州市,,Post-COVID
603813,2024,广东原尚物流股份有限公司,广东省,广州市,道路运输业,G54,978530,1,3,3,1,2,广州荟宁餐饮管理有限公司,广东省,广州市,,Post-COVID
603813,2024,广东原尚物流股份有限公司,广东省,广州市,道路运输业,G54,679231.13,0.997305885,7,3,1,1,广州荟尚餐饮管理有限公司,广东省,广州市,,Post-COVID
603813,2024,广东原尚物流股份有限公司,广东省,广州市,道路运输业,G54,1834.87,0.002694115,7,7,1,1,广东原锋新能源科技有限公司,广东省,,,Post-COVID
603813,2024,广东原尚物流股份有限公司,广东省,广州市,道路运输业,G54,30000,1,9,10,1,1,广州市福建龙岩商会,广东省,广州市,,Post-COVID
603813,2024,广东原尚物流股份有限公司,广东省,广州市,道路运输业,G54,50000,1,21,10,1,2,广州市福建龙岩商会,广东省,广州市,,Post-COVID
603833,2018,欧派家居集团股份有限公司,广东省,广州市,家具制造业,C21,22080781.35,1,1,2,1,2,广州欧派商用厨房设备有限公司,广东省,广州市,,Pre-COVID
603833,2018,欧派家居集团股份有限公司,广东省,广州市,家具制造业,C21,2208425.25,1,1,2,1,1,广州欧派商用厨房设备有限公司,广东省,广州市,,Pre-COVID
603833,2019,欧派家居集团股份有限公司,广东省,广州市,家具制造业,C21,80000,1,7,10,1,1,梅州远岭投资实业有限公司,广东省,梅州市,,Pre-COVID
603833,2020,欧派家居集团股份有限公司,广东省,广州市,家具制造业,C21,12612945.07,0.994939617,3,7,1,2,北京嘉居科技有限责任公司,北京市,,,During-COVID
603833,2020,欧派家居集团股份有限公司,广东省,广州市,家具制造业,C21,64150.96,0.005060383,3,10,1,2,万得信息技术股份有限公司,上海市,,,During-COVID
603833,2020,欧派家居集团股份有限公司,广东省,广州市,家具制造业,C21,73097.37,1,7,10,1,1,梅州远岭投资实业有限公司,广东省,梅州市,,During-COVID
603833,2021,欧派家居集团股份有限公司,广东省,广州市,家具制造业,C21,49646.02,1,7,10,1,1,梅州远岭投资实业有限公司,广东省,梅州市,,During-COVID
603833,2021,欧派家居集团股份有限公司,广东省,广州市,家具制造业,C21,24801432.52,0.99742009,3,7,1,2,北京嘉居科技有限责任公司,北京市,,,During-COVID
603833,2021,欧派家居集团股份有限公司,广东省,广州市,家具制造业,C21,64150.96,0.00257991,3,10,1,2,万得信息技术股份有限公司,上海市,,,During-COVID
603833,2021,欧派家居集团股份有限公司,广东省,广州市,家具制造业,C21,60534.6,1,3,6,1,1,广州红星美凯龙世博家居广场有限公司,广东省,广州市,,During-COVID
603833,2022,欧派家居集团股份有限公司,广东省,广州市,家具制造业,C21,50343882.61,1,3,7,1,2,北京嘉居科技有限责任公司,北京市,,,During-COVID
603833,2022,欧派家居集团股份有限公司,广东省,广州市,家具制造业,C21,1856783.7,1,8,7,1,2,广州红星美凯龙世博家居广场有限公司,广东省,广州市,,During-COVID
603833,2022,欧派家居集团股份有限公司,广东省,广州市,家具制造业,C21,10108204.09,1,8,7,1,1,广州红星美凯龙世博家居广场有限公司,广东省,广州市,,During-COVID
603833,2022,欧派家居集团股份有限公司,广东省,广州市,家具制造业,C21,2083605.89,1,7,7,1,2,广州红星美凯龙世博家居广场有限公司,广东省,广州市,,During-COVID
603833,2022,欧派家居集团股份有限公司,广东省,广州市,家具制造业,C21,49646.05,0.005005647,7,10,1,1,梅州远岭投资实业有限公司,广东省,梅州市,,During-COVID
603833,2022,欧派家居集团股份有限公司,广东省,广州市,家具制造业,C21,9868363.3,0.994994353,7,7,1,1,广州红星美凯龙世博家居广场有限公司,广东省,广州市,,During-COVID
603833,2023,欧派家居集团股份有限公司,广东省,广州市,家具制造业,C21,22229035.05,1,7,6,1,1,广州红星美凯龙世博家居广场有限公司,广东省,广州市,,Post-COVID
603833,2023,欧派家居集团股份有限公司,广东省,广州市,家具制造业,C21,3338080.85,1,7,6,1,2,广州红星美凯龙世博家居广场有限公司,广东省,广州市,,Post-COVID
603833,2023,欧派家居集团股份有限公司,广东省,广州市,家具制造业,C21,4812098.23,1,8,6,1,2,广州红星美凯龙世博家居广场有限公司,广东省,广州市,,Post-COVID
603833,2023,欧派家居集团股份有限公司,广东省,广州市,家具制造业,C21,17461066.21,1,8,6,1,1,广州红星美凯龙世博家居广场有限公司,广东省,广州市,,Post-COVID
603833,2023,欧派家居集团股份有限公司,广东省,广州市,家具制造业,C21,52152524.34,1,3,7,1,2,北京嘉居科技有限责任公司,北京市,,,Post-COVID
603833,2023,欧派家居集团股份有限公司,广东省,广州市,家具制造业,C21,7126116.5,1,3,7,1,1,北京嘉居科技有限责任公司,北京市,,,Post-COVID
603833,2024,欧派家居集团股份有限公司,广东省,广州市,家具制造业,C21,12672584.4,1,3,12,1,2,北京嘉居科技有限责任公司,北京市,,,Post-COVID
603833,2024,欧派家居集团股份有限公司,广东省,广州市,家具制造业,C21,10013641.18,1,8,7,1,2,广州红星美凯龙世博家居广场有限公司,广东省,广州市,,Post-COVID
603833,2024,欧派家居集团股份有限公司,广东省,广州市,家具制造业,C21,40488016.22,1,8,7,1,1,广州红星美凯龙世博家居广场有限公司,广东省,广州市,,Post-COVID
603833,2024,欧派家居集团股份有限公司,广东省,广州市,家具制造业,C21,283018.88,1,1,12,1,1,北京嘉居科技有限责任公司,北京市,,,Post-COVID
603833,2024,欧派家居集团股份有限公司,广东省,广州市,家具制造业,C21,21864393.83,1,7,7,1,1,广州红星美凯龙世博家居广场有限公司,广东省,广州市,,Post-COVID
603833,2024,欧派家居集团股份有限公司,广东省,广州市,家具制造业,C21,5125381.05,1,7,7,1,2,广州红星美凯龙世博家居广场有限公司,广东省,广州市,,Post-COVID
603838,2017,广东四通集团股份有限公司,广东省,潮州市,非金属矿物制品业,C30,881332.93,1,4,7,1,1,潮州市广展通瓷业有限公司,广东省,潮州市,,Pre-COVID
603838,2018,广东四通集团股份有限公司,广东省,潮州市,非金属矿物制品业,C30,1175110.57,1,4,7,1,1,潮州市广展通瓷业有限公司,广东省,潮州市,,Pre-COVID
603838,2019,广东四通集团股份有限公司,广东省,潮州市,非金属矿物制品业,C30,1175110.57,1,4,7,1,1,潮州市广展通瓷业有限公司,广东省,潮州市,,Pre-COVID
603838,2020,广东四通集团股份有限公司,广东省,潮州市,非金属矿物制品业,C30,14663982.03,1,1,12,1,2,江西唯美陶瓷有限公司,江西省,,,During-COVID
603838,2020,广东四通集团股份有限公司,广东省,潮州市,非金属矿物制品业,C30,101592.93,1,1,12,1,1,江西唯美陶瓷有限公司,江西省,,,During-COVID
603838,2020,广东四通集团股份有限公司,广东省,潮州市,非金属矿物制品业,C30,100000000,0.4,6,2,1,1,广东东唯新材料有限公司,广东省,东莞市,砖瓦、石材等建筑材料制造,During-COVID
603838,2020,广东四通集团股份有限公司,广东省,潮州市,非金属矿物制品业,C30,150000000,0.6,6,2,1,1,广东东唯新材料有限公司,广东省,东莞市,砖瓦、石材等建筑材料制造,During-COVID
603838,2020,广东四通集团股份有限公司,广东省,潮州市,非金属矿物制品业,C30,1175110.57,1,4,7,1,1,潮州市广展通瓷业有限公司,广东省,潮州市,,During-COVID
603838,2021,广东四通集团股份有限公司,广东省,潮州市,非金属矿物制品业,C30,31540555.34,1,1,3,1,2,江西唯美陶瓷有限公司,江西省,,,During-COVID
603838,2021,广东四通集团股份有限公司,广东省,潮州市,非金属矿物制品业,C30,894943.37,0.182830178,1,3,1,1,江西唯美陶瓷有限公司,江西省,,,During-COVID
603838,2021,广东四通集团股份有限公司,广东省,潮州市,非金属矿物制品业,C30,4000000,0.817169822,1,3,1,1,江西唯美陶瓷有限公司,江西省,,,During-COVID
603838,2021,广东四通集团股份有限公司,广东省,潮州市,非金属矿物制品业,C30,50000000,1,1,11,2,3,江西唯美陶瓷有限公司,江西省,,,During-COVID
603838,2021,广东四通集团股份有限公司,广东省,潮州市,非金属矿物制品业,C30,10000,0.4,6,2,1,1,广东东唯新材料有限公司,广东省,,,During-COVID
603838,2021,广东四通集团股份有限公司,广东省,潮州市,非金属矿物制品业,C30,15000,0.6,6,2,1,1,广东东唯新材料有限公司,广东省,,,During-COVID
603838,2021,广东四通集团股份有限公司,广东省,潮州市,非金属矿物制品业,C30,380000000,1,13,12,1,1,广东马可波罗陶瓷有限公司,广东省,,,During-COVID
603838,2021,广东四通集团股份有限公司,广东省,潮州市,非金属矿物制品业,C30,979258.87,1,4,7,1,1,潮州市广展通瓷业有限公司,广东省,潮州市,,During-COVID
603838,2022,广东四通集团股份有限公司,广东省,潮州市,非金属矿物制品业,C30,48141.6,0.062288966,1,3,1,1,江西唯美陶瓷有限公司,江西省,,,During-COVID
603838,2022,广东四通集团股份有限公司,广东省,潮州市,非金属矿物制品业,C30,724733.65,0.937711034,1,3,1,1,广东家唯贸易有限公司,广东省,,,During-COVID
603838,2023,广东四通集团股份有限公司,广东省,潮州市,非金属矿物制品业,C30,1045803.57,1,1,3,1,1,广东家唯贸易有限公司,广东省,,,Post-COVID
603848,2017,广东好太太科技集团股份有限公司,广东省,广州市,金属制品业,C33,3019829.1,0.136882291,1,7,1,2,广东柯洛斯智能科技有限公司,广东省,,,Pre-COVID
603848,2017,广东好太太科技集团股份有限公司,广东省,广州市,金属制品业,C33,19041674.06,0.863117709,1,7,1,2,广东柯洛斯智能科技有限公司,广东省,,,Pre-COVID
603848,2018,广东好太太科技集团股份有限公司,广东省,广州市,金属制品业,C33,1825459.08,1,1,3,1,1,广州好莱客创意家居股份有限公司,广东省,广州市,,Pre-COVID
603848,2018,广东好太太科技集团股份有限公司,广东省,广州市,金属制品业,C33,1587295.05,1,7,3,1,1,广州好莱客创意家居股份有限公司,广东省,广州市,,Pre-COVID
603848,2019,广东好太太科技集团股份有限公司,广东省,广州市,金属制品业,C33,675110.55,0.503682145,1,3,1,2,广州好莱客创意家居股份有限公司,广东省,广州市,,Pre-COVID
603848,2019,广东好太太科技集团股份有限公司,广东省,广州市,金属制品业,C33,665239.82,0.496317855,1,3,1,2,广州好莱客创意家居股份有限公司,广东省,广州市,,Pre-COVID
603848,2019,广东好太太科技集团股份有限公司,广东省,广州市,金属制品业,C33,1609948.48,1,7,3,1,1,广州好莱客创意家居股份有限公司,广东省,广州市,,Pre-COVID
603848,2020,广东好太太科技集团股份有限公司,广东省,广州市,金属制品业,C33,28301.9,1,21,3,1,2,广州好莱客创意家居股份有限公司,广东省,广州市,,During-COVID
603848,2020,广东好太太科技集团股份有限公司,广东省,广州市,金属制品业,C33,319209.72,1,1,3,1,1,广州好莱客创意家居股份有限公司,广东省,广州市,,During-COVID
603848,2020,广东好太太科技集团股份有限公司,广东省,广州市,金属制品业,C33,1534211.94,1,7,3,1,1,广州好莱客创意家居股份有限公司,广东省,广州市,,During-COVID
603848,2021,广东好太太科技集团股份有限公司,广东省,广州市,金属制品业,C33,692693.81,1,1,10,1,1,广州好莱客创意家居股份有限公司,广东省,广州市,,During-COVID
603848,2021,广东好太太科技集团股份有限公司,广东省,广州市,金属制品业,C33,1596979.59,1,7,10,1,1,广州好莱客创意家居股份有限公司,广东省,广州市,,During-COVID
603848,2022,广东好太太科技集团股份有限公司,广东省,广州市,金属制品业,C33,2423846.28,1,1,10,1,2,广州好莱客创意家居股份有限公司,广东省,广州市,,During-COVID
603848,2022,广东好太太科技集团股份有限公司,广东省,广州市,金属制品业,C33,610404.51,1,3,12,1,2,广州好莱客家居安装服务有限公司,广东省,广州市,,During-COVID
603848,2022,广东好太太科技集团股份有限公司,广东省,广州市,金属制品业,C33,720784.12,1,1,10,1,1,广州好莱客创意家居股份有限公司,广东省,广州市,,During-COVID
603848,2022,广东好太太科技集团股份有限公司,广东省,广州市,金属制品业,C33,1676829.12,1,7,10,1,1,广州好莱客创意家居股份有限公司,广东省,广州市,,During-COVID
603848,2023,广东好太太科技集团股份有限公司,广东省,广州市,金属制品业,C33,2339983.73,1,1,11,1,2,"广州好莱客创意家居股份有限公司,广州好莱客集成家居有限公司",广东省,广州市,,Post-COVID
603848,2023,广东好太太科技集团股份有限公司,广东省,广州市,金属制品业,C33,198842.83,1,3,12,1,2,广州好莱客家居安装服务有限公司,广东省,广州市,,Post-COVID
603848,2023,广东好太太科技集团股份有限公司,广东省,广州市,金属制品业,C33,851240.79,1,1,3,1,1,广州好莱客创意家居股份有限公司,广东省,广州市,,Post-COVID
603848,2023,广东好太太科技集团股份有限公司,广东省,广州市,金属制品业,C33,1683509.77,1,7,3,1,1,广州好莱客创意家居股份有限公司,广东省,广州市,,Post-COVID
603848,2024,广东好太太科技集团股份有限公司,广东省,广州市,金属制品业,C33,164039.84,1,1,11,1,2,"广州好莱客创意家居股份有限公司,广州好莱客集成家居有限公司",广东省,广州市,,Post-COVID
603848,2024,广东好太太科技集团股份有限公司,广东省,广州市,金属制品业,C33,77129.14,1,3,12,1,2,广州好莱客家居安装服务有限公司,广东省,广州市,,Post-COVID
603848,2024,广东好太太科技集团股份有限公司,广东省,广州市,金属制品业,C33,1682715.05,1,1,3,1,1,广州好莱客创意家居股份有限公司,广东省,广州市,,Post-COVID
603848,2024,广东好太太科技集团股份有限公司,广东省,广州市,金属制品业,C33,1374866.28,1,7,3,1,1,广州好莱客创意家居股份有限公司,广东省,广州市,,Post-COVID
603861,2017,广州白云电器设备股份有限公司,广东省,广州市,电气机械和器材制造业,C38,97364006.13,0.976666581,1,6,1,2,广州东芝白云电器设备有限公司,广东省,广州市,,Pre-COVID
603861,2017,广州白云电器设备股份有限公司,广东省,广州市,电气机械和器材制造业,C38,2298760.89,0.023059065,1,6,1,2,广州东芝白云菱机电力电子有限公司,广东省,广州市,,Pre-COVID
603861,2017,广州白云电器设备股份有限公司,广东省,广州市,电气机械和器材制造业,C38,27350.43,0.000274354,1,10,1,2,广州市扬新技术研究有限责任公司,广东省,广州市,,Pre-COVID
603861,2017,广州白云电器设备股份有限公司,广东省,广州市,电气机械和器材制造业,C38,674970.68,0.073582009,1,6,1,1,广州东芝白云电器设备有限公司,广东省,广州市,,Pre-COVID
603861,2017,广州白云电器设备股份有限公司,广东省,广州市,电气机械和器材制造业,C38,6878117.38,0.749818782,1,6,1,1,广州东芝白云自动化系统有限公司,广东省,广州市,,Pre-COVID
603861,2017,广州白云电器设备股份有限公司,广东省,广州市,电气机械和器材制造业,C38,577807.48,0.062989751,1,6,1,1,广州东芝白云菱机电力电子有限公司,广东省,广州市,,Pre-COVID
603861,2017,广州白云电器设备股份有限公司,广东省,广州市,电气机械和器材制造业,C38,566037.75,1,3,7,1,1,东芝白云真空开关管(锦州)有限公司,辽宁省,锦州市,,Pre-COVID
603861,2017,广州白云电器设备股份有限公司,广东省,广州市,电气机械和器材制造业,C38,639840,0.132671615,7,6,1,1,广州东芝白云自动化系统有限公司,广东省,广州市,,Pre-COVID
603861,2017,广州白云电器设备股份有限公司,广东省,广州市,电气机械和器材制造业,C38,2033794.29,0.421709759,7,6,1,1,广州东芝白云菱机电力电子有限公司,广东省,广州市,,Pre-COVID
603861,2017,广州白云电器设备股份有限公司,广东省,广州市,电气机械和器材制造业,C38,2149100.41,0.445618626,7,6,1,1,广州东芝白云电器设备有限公司,广东省,广州市,,Pre-COVID
603861,2017,广州白云电器设备股份有限公司,广东省,广州市,电气机械和器材制造业,C38,77187.99,0.008414658,1,6,1,1,广州东芝白云自动化系统有限公司,广东省,广州市,,Pre-COVID
603861,2017,广州白云电器设备股份有限公司,广东省,广州市,电气机械和器材制造业,C38,835546.09,0.091087156,1,6,1,1,广州东芝白云菱机电力电子有限公司,广东省,广州市,,Pre-COVID
603861,2017,广州白云电器设备股份有限公司,广东省,广州市,电气机械和器材制造业,C38,129409.98,0.014107644,1,6,1,1,广州东芝白云电器设备有限公司,广东省,广州市,,Pre-COVID
603861,2018,广州白云电器设备股份有限公司,广东省,广州市,电气机械和器材制造业,C38,85563226.82,0.82345257,1,6,1,2,广州东芝白云电器设备有限公司,广东省,广州市,,Pre-COVID
603861,2018,广州白云电器设备股份有限公司,广东省,广州市,电气机械和器材制造业,C38,1155010.75,0.011115716,1,7,1,2,广州东芝白云菱机电力电子有限公司,广东省,广州市,,Pre-COVID
603861,2018,广州白云电器设备股份有限公司,广东省,广州市,电气机械和器材制造业,C38,4484000.1,0.043153602,1,6,1,2,广州东芝白云自动化系统有限公司,广东省,广州市,,Pre-COVID
603861,2018,广州白云电器设备股份有限公司,广东省,广州市,电气机械和器材制造业,C38,11013649.09,0.105994339,1,12,1,2,广州市扬新技术研究有限责任公司,广东省,广州市,,Pre-COVID
603861,2018,广州白云电器设备股份有限公司,广东省,广州市,电气机械和器材制造业,C38,1692012.65,0.016283773,1,12,1,2,南京电气高压套管有限公司,江苏省,南京市,,Pre-COVID
603861,2018,广州白云电器设备股份有限公司,广东省,广州市,电气机械和器材制造业,C38,14837842.03,0.381734559,1,6,1,1,广州东芝白云电器设备有限公司,广东省,广州市,,Pre-COVID
603861,2018,广州白云电器设备股份有限公司,广东省,广州市,电气机械和器材制造业,C38,649774.15,0.016716801,1,6,1,1,广州东芝白云自动化系统有限公司,广东省,广州市,,Pre-COVID
603861,2018,广州白云电器设备股份有限公司,广东省,广州市,电气机械和器材制造业,C38,22286879.47,0.573376646,1,7,1,1,广州东芝白云菱机电力电子有限公司,广东省,广州市,,Pre-COVID
603861,2018,广州白云电器设备股份有限公司,广东省,广州市,电气机械和器材制造业,C38,566037.75,1,3,7,1,1,东芝白云真空开关管(锦州)有限公司,辽宁省,锦州市,,Pre-COVID
603861,2018,广州白云电器设备股份有限公司,广东省,广州市,电气机械和器材制造业,C38,40101.3,0.00103169,1,12,1,1,广州市扬新技术研究有限责任公司,广东省,广州市,,Pre-COVID
603861,2018,广州白云电器设备股份有限公司,广东省,广州市,电气机械和器材制造业,C38,639840,0.127993396,7,6,1,1,广州东芝白云自动化系统有限公司,广东省,广州市,,Pre-COVID
603861,2018,广州白云电器设备股份有限公司,广东省,广州市,电气机械和器材制造业,C38,2190395.93,0.438166124,7,7,1,1,广州东芝白云菱机电力电子有限公司,广东省,广州市,,Pre-COVID
603861,2018,广州白云电器设备股份有限公司,广东省,广州市,电气机械和器材制造业,C38,2168772,0.43384048,7,6,1,1,广州东芝白云电器设备有限公司,广东省,广州市,,Pre-COVID
603861,2018,广州白云电器设备股份有限公司,广东省,广州市,电气机械和器材制造业,C38,74354.83,0.001912934,1,6,1,1,广州东芝白云自动化系统有限公司,广东省,广州市,,Pre-COVID
603861,2018,广州白云电器设备股份有限公司,广东省,广州市,电气机械和器材制造业,C38,857215.52,0.022053664,1,7,1,1,广州东芝白云菱机电力电子有限公司,广东省,广州市,,Pre-COVID
603861,2018,广州白云电器设备股份有限公司,广东省,广州市,电气机械和器材制造业,C38,123360.45,0.003173706,1,6,1,1,广州东芝白云电器设备有限公司,广东省,广州市,,Pre-COVID
603861,2018,广州白云电器设备股份有限公司,广东省,广州市,电气机械和器材制造业,C38,617305909,1,13,2,1,2,桂林电力电容器有限责任公司,广西省,桂林市,电气机械和器材制造业,Pre-COVID
603861,2018,广州白云电器设备股份有限公司,广东省,广州市,电气机械和器材制造业,C38,3483591.49,1,13,2,1,1,浙江桂容谐平科技有限责任公司,浙江省,,,Pre-COVID
603861,2019,广州白云电器设备股份有限公司,广东省,广州市,电气机械和器材制造业,C38,123796825.6,0.833501827,1,6,1,2,广州东芝白云电器设备有限公司,广东省,广州市,,Pre-COVID
603861,2019,广州白云电器设备股份有限公司,广东省,广州市,电气机械和器材制造业,C38,37477.59,0.00025233,1,7,1,2,广州东芝白云菱机电力电子有限公司,广东省,广州市,,Pre-COVID
603861,2019,广州白云电器设备股份有限公司,广东省,广州市,电气机械和器材制造业,C38,372521.31,0.002508119,1,6,1,2,广州东芝白云自动化系统有限公司,广东省,广州市,,Pre-COVID
603861,2019,广州白云电器设备股份有限公司,广东省,广州市,电气机械和器材制造业,C38,16356102.97,0.110122708,1,10,1,2,广州市扬新技术研究有限责任公司,广东省,广州市,,Pre-COVID
603861,2019,广州白云电器设备股份有限公司,广东省,广州市,电气机械和器材制造业,C38,945941.47,0.006368854,1,10,1,2,南京电气高压套管有限公司,江苏省,南京市,,Pre-COVID
603861,2019,广州白云电器设备股份有限公司,广东省,广州市,电气机械和器材制造业,C38,3462931.05,0.023315294,1,10,1,2,南京白云瑞来科技有限公司,江苏省,南京市,,Pre-COVID
603861,2019,广州白云电器设备股份有限公司,广东省,广州市,电气机械和器材制造业,C38,10235125.54,1,3,10,1,2,广州市白云机电设备安装工程有限公司,广东省,广州市,,Pre-COVID
603861,2019,广州白云电器设备股份有限公司,广东省,广州市,电气机械和器材制造业,C38,3554359.82,0.023930867,1,10,1,2,浙江桂容谐平科技有限责任公司,浙江省,,,Pre-COVID
603861,2019,广州白云电器设备股份有限公司,广东省,广州市,电气机械和器材制造业,C38,52944622.1,0.49493349,1,6,1,1,广州东芝白云电器设备有限公司,广东省,广州市,,Pre-COVID
603861,2019,广州白云电器设备股份有限公司,广东省,广州市,电气机械和器材制造业,C38,10140352.57,0.094793388,1,6,1,1,广州东芝白云自动化系统有限公司,广东省,广州市,,Pre-COVID
603861,2019,广州白云电器设备股份有限公司,广东省,广州市,电气机械和器材制造业,C38,36362307.95,0.339919774,1,7,1,1,广州东芝白云菱机电力电子有限公司,广东省,广州市,,Pre-COVID
603861,2019,广州白云电器设备股份有限公司,广东省,广州市,电气机械和器材制造业,C38,566037.75,0.522590631,3,7,1,1,东芝白云真空开关管(锦州)有限公司,辽宁省,锦州市,,Pre-COVID
603861,2019,广州白云电器设备股份有限公司,广东省,广州市,电气机械和器材制造业,C38,88490.44,0.000827221,1,10,1,1,广州市扬新技术研究有限责任公司,广东省,广州市,,Pre-COVID
603861,2019,广州白云电器设备股份有限公司,广东省,广州市,电气机械和器材制造业,C38,1569366.68,0.014670652,1,10,1,1,广州市白云机电设备安装工程有限公司,广东省,广州市,,Pre-COVID
603861,2019,广州白云电器设备股份有限公司,广东省,广州市,电气机械和器材制造业,C38,517100.21,0.477409369,3,10,1,1,广州市世科高新技术有限公司,广东省,广州市,,Pre-COVID
603861,2019,广州白云电器设备股份有限公司,广东省,广州市,电气机械和器材制造业,C38,207964.61,0.001944081,1,10,1,1,南京电气高压套管有限公司,江苏省,南京市,,Pre-COVID
603861,2019,广州白云电器设备股份有限公司,广东省,广州市,电气机械和器材制造业,C38,1491702,0.013944632,1,10,1,1,浙江桂容谐平科技有限责任公司,浙江省,,,Pre-COVID
603861,2019,广州白云电器设备股份有限公司,广东省,广州市,电气机械和器材制造业,C38,3007090.89,0.028110692,1,10,1,1,荣信汇科电气技术有限责任公司,辽宁省,鞍山市,,Pre-COVID
603861,2019,广州白云电器设备股份有限公司,广东省,广州市,电气机械和器材制造业,C38,4848.68,4.53E-05,1,10,1,1,白云电气集团有限公司,广东省,广州市,,Pre-COVID
603861,2019,广州白云电器设备股份有限公司,广东省,广州市,电气机械和器材制造业,C38,639840,0.107818872,7,6,1,1,广州东芝白云自动化系统有限公司,广东省,广州市,,Pre-COVID
603861,2019,广州白云电器设备股份有限公司,广东省,广州市,电气机械和器材制造业,C38,3125785.09,0.526723278,7,7,1,1,广州东芝白云菱机电力电子有限公司,广东省,广州市,,Pre-COVID
603861,2019,广州白云电器设备股份有限公司,广东省,广州市,电气机械和器材制造业,C38,2168772,0.36545785,7,6,1,1,广州东芝白云电器设备有限公司,广东省,广州市,,Pre-COVID
603861,2019,广州白云电器设备股份有限公司,广东省,广州市,电气机械和器材制造业,C38,47654.52,0.000445481,1,6,1,1,广州东芝白云自动化系统有限公司,广东省,广州市,,Pre-COVID
603861,2019,广州白云电器设备股份有限公司,广东省,广州市,电气机械和器材制造业,C38,1002919.54,0.009375428,1,7,1,1,广州东芝白云菱机电力电子有限公司,广东省,广州市,,Pre-COVID
603861,2019,广州白云电器设备股份有限公司,广东省,广州市,电气机械和器材制造业,C38,105885.75,0.000989834,1,6,1,1,广州东芝白云电器设备有限公司,广东省,广州市,,Pre-COVID
603861,2020,广州白云电器设备股份有限公司,广东省,广州市,电气机械和器材制造业,C38,109061382.2,0.594197848,1,6,1,2,广州东芝白云电器设备有限公司,广东省,广州市,,During-COVID
603861,2020,广州白云电器设备股份有限公司,广东省,广州市,电气机械和器材制造业,C38,111504.43,0.000607508,1,7,1,2,广州东芝白云菱机电力电子有限公司,广东省,广州市,,During-COVID
603861,2020,广州白云电器设备股份有限公司,广东省,广州市,电气机械和器材制造业,C38,164553.09,0.000896533,1,6,1,2,广州东芝白云自动化系统有限公司,广东省,广州市,,During-COVID
603861,2020,广州白云电器设备股份有限公司,广东省,广州市,电气机械和器材制造业,C38,35928281.81,0.195747636,1,10,1,2,广州市扬新技术研究有限责任公司,广东省,广州市,,During-COVID
603861,2020,广州白云电器设备股份有限公司,广东省,广州市,电气机械和器材制造业,C38,14475212.4,0.07886513,1,12,1,2,南京电气高压套管有限公司,江苏省,南京市,,During-COVID
603861,2020,广州白云电器设备股份有限公司,广东省,广州市,电气机械和器材制造业,C38,2642136.62,1,3,2,1,2,广州市白云机电设备安装工程有限公司,广东省,广州市,建筑安装业,During-COVID
603861,2020,广州白云电器设备股份有限公司,广东省,广州市,电气机械和器材制造业,C38,1607704.43,0.008759237,1,12,1,2,浙江桂容谐平科技有限责任公司,浙江省,,,During-COVID
603861,2020,广州白云电器设备股份有限公司,广东省,广州市,电气机械和器材制造业,C38,1845132.75,0.010052815,1,5,1,2,白云电气集团有限公司,广东省,广州市,,During-COVID
603861,2020,广州白云电器设备股份有限公司,广东省,广州市,电气机械和器材制造业,C38,1724175.82,0.009393807,1,7,1,2,东芝白云真空开关管(锦州)有限公司,辽宁省,锦州市,,During-COVID
603861,2020,广州白云电器设备股份有限公司,广东省,广州市,电气机械和器材制造业,C38,45008.2,0.000245218,1,12,1,2,广州干线新通科技有限公司,广东省,广州市,,During-COVID
603861,2020,广州白云电器设备股份有限公司,广东省,广州市,电气机械和器材制造业,C38,116194.7,0.000633062,1,12,1,2,南京电气(集团)有限责任公司,江苏省,南京市,,During-COVID
603861,2020,广州白云电器设备股份有限公司,广东省,广州市,电气机械和器材制造业,C38,16548.68,9.02E-05,1,12,1,2,南京电气绝缘子有限公司,江苏省,南京市,,During-COVID
603861,2020,广州白云电器设备股份有限公司,广东省,广州市,电气机械和器材制造业,C38,2705068.15,0.014737991,1,12,1,2,广州致新电力科技有限公司,广东省,广州市,,During-COVID
603861,2020,广州白云电器设备股份有限公司,广东省,广州市,电气机械和器材制造业,C38,15739193.85,0.085751665,1,12,1,2,广州市明兴电缆有限公司,广东省,广州市,,During-COVID
603861,2020,广州白云电器设备股份有限公司,广东省,广州市,电气机械和器材制造业,C38,566037.75,0.991427439,3,7,1,1,东芝白云真空开关管(锦州)有限公司,辽宁省,锦州市,,During-COVID
603861,2020,广州白云电器设备股份有限公司,广东省,广州市,电气机械和器材制造业,C38,101654.48,0.000942492,1,10,1,1,广州市扬新技术研究有限责任公司,广东省,广州市,,During-COVID
603861,2020,广州白云电器设备股份有限公司,广东省,广州市,电气机械和器材制造业,C38,29336.29,0.000271992,1,2,1,1,广州市白云机电设备安装工程有限公司,广东省,广州市,建筑安装业,During-COVID
603861,2020,广州白云电器设备股份有限公司,广东省,广州市,电气机械和器材制造业,C38,1686725.67,0.015638526,1,12,1,1,南京电气高压套管有限公司,江苏省,南京市,,During-COVID
603861,2020,广州白云电器设备股份有限公司,广东省,广州市,电气机械和器材制造业,C38,1057511.54,0.009804749,1,12,1,1,浙江桂容谐平科技有限责任公司,浙江省,,,During-COVID
603861,2020,广州白云电器设备股份有限公司,广东省,广州市,电气机械和器材制造业,C38,22938.06,0.000212671,1,12,1,1,荣信汇科电气股份有限公司,辽宁省,鞍山市,,During-COVID
603861,2020,广州白云电器设备股份有限公司,广东省,广州市,电气机械和器材制造业,C38,340882.31,0.0031605,1,5,1,1,白云电气集团有限公司,广东省,广州市,,During-COVID
603861,2020,广州白云电器设备股份有限公司,广东省,广州市,电气机械和器材制造业,C38,272802.67,0.002529298,1,12,1,1,白云明德(北京)国际工程管理有限公司,北京市,,,During-COVID
603861,2020,广州白云电器设备股份有限公司,广东省,广州市,电气机械和器材制造业,C38,147258.86,0.001365315,1,12,1,1,广东云舜综合能源科技有限公司,广东省,,,During-COVID
603861,2020,广州白云电器设备股份有限公司,广东省,广州市,电气机械和器材制造业,C38,2700.89,2.50E-05,1,12,1,1,广州干线新通科技有限公司,广东省,广州市,,During-COVID
603861,2020,广州白云电器设备股份有限公司,广东省,广州市,电气机械和器材制造业,C38,353982.31,0.003281957,1,12,1,1,广州致新电力科技有限公司,广东省,广州市,,During-COVID
603861,2020,广州白云电器设备股份有限公司,广东省,广州市,电气机械和器材制造业,C38,4894.35,0.008572561,3,12,1,1,南京电气科技集团有限公司,江苏省,南京市,,During-COVID
603861,2020,广州白云电器设备股份有限公司,广东省,广州市,电气机械和器材制造业,C38,700777.17,0.106867438,7,6,1,1,广州东芝白云自动化系统有限公司,广东省,广州市,,During-COVID
603861,2020,广州白云电器设备股份有限公司,广东省,广州市,电气机械和器材制造业,C38,3308040.6,0.504471093,7,7,1,1,广州东芝白云菱机电力电子有限公司,广东省,广州市,,During-COVID
603861,2020,广州白云电器设备股份有限公司,广东省,广州市,电气机械和器材制造业,C38,2079323.55,0.317093637,7,6,1,1,广州东芝白云电器设备有限公司,广东省,广州市,,During-COVID
603861,2020,广州白云电器设备股份有限公司,广东省,广州市,电气机械和器材制造业,C38,469302,0.071567832,7,12,1,1,广州干线新通科技有限公司,广东省,广州市,,During-COVID
603861,2020,广州白云电器设备股份有限公司,广东省,广州市,电气机械和器材制造业,C38,706697.77,0.987698026,7,12,1,2,广州市世科高新技术企业孵化器有限公司,广东省,广州市,,During-COVID
603861,2020,广州白云电器设备股份有限公司,广东省,广州市,电气机械和器材制造业,C38,8802.06,0.012301974,7,12,1,2,广州市世科高新技术有限公司,广东省,广州市,,During-COVID
603861,2020,广州白云电器设备股份有限公司,广东省,广州市,电气机械和器材制造业,C38,31685.91,0.000293777,1,12,1,1,广州市世科高新技术有限公司,广东省,广州市,,During-COVID
603861,2020,广州白云电器设备股份有限公司,广东省,广州市,电气机械和器材制造业,C38,18472847.13,0.171271535,1,6,1,1,广州东芝白云自动化系统有限公司,广东省,广州市,,During-COVID
603861,2020,广州白云电器设备股份有限公司,广东省,广州市,电气机械和器材制造业,C38,10447768.08,0.096866783,1,7,1,1,广州东芝白云菱机电力电子有限公司,广东省,广州市,,During-COVID
603861,2020,广州白云电器设备股份有限公司,广东省,广州市,电气机械和器材制造业,C38,73659150.4,0.682932939,1,6,1,1,广州东芝白云电器设备有限公司,广东省,广州市,,During-COVID
603861,2020,广州白云电器设备股份有限公司,广东省,广州市,电气机械和器材制造业,C38,762.32,4.15E-06,1,12,1,2,广州市世科高新技术有限公司,广东省,广州市,,During-COVID
603861,2020,广州白云电器设备股份有限公司,广东省,广州市,电气机械和器材制造业,C38,3163.38,1.72E-05,1,12,1,2,广州市世科高新技术企业孵化器有限公司,广东省,广州市,,During-COVID
603861,2020,广州白云电器设备股份有限公司,广东省,广州市,电气机械和器材制造业,C38,11209.66,0.000103931,1,12,1,1,广州干线新通科技有限公司,广东省,广州市,,During-COVID
603861,2020,广州白云电器设备股份有限公司,广东省,广州市,电气机械和器材制造业,C38,74438.05,0.000690155,1,6,1,1,广州东芝白云自动化系统有限公司,广东省,广州市,,During-COVID
603861,2020,广州白云电器设备股份有限公司,广东省,广州市,电气机械和器材制造业,C38,1059310.61,0.009821429,1,7,1,1,广州东芝白云菱机电力电子有限公司,广东省,广州市,,During-COVID
603861,2020,广州白云电器设备股份有限公司,广东省,广州市,电气机械和器材制造业,C38,84873.83,0.00078691,1,6,1,1,广州东芝白云电器设备有限公司,广东省,广州市,,During-COVID
603861,2021,广州白云电器设备股份有限公司,广东省,广州市,电气机械和器材制造业,C38,40388983.18,0.148474196,1,6,1,2,广州东芝白云电器设备有限公司,广东省,广州市,,During-COVID
603861,2021,广州白云电器设备股份有限公司,广东省,广州市,电气机械和器材制造业,C38,43418.15,0.00015961,1,7,1,2,广州东芝白云菱机电力电子有限公司,广东省,广州市,,During-COVID
603861,2021,广州白云电器设备股份有限公司,广东省,广州市,电气机械和器材制造业,C38,55802542.09,0.205136077,1,12,1,2,广州市扬新技术研究有限责任公司,广东省,广州市,,During-COVID
603861,2021,广州白云电器设备股份有限公司,广东省,广州市,电气机械和器材制造业,C38,1820778,0.006693373,1,12,1,2,南京电气高压套管有限公司,江苏省,南京市,,During-COVID
603861,2021,广州白云电器设备股份有限公司,广东省,广州市,电气机械和器材制造业,C38,187433.63,0.000689026,1,12,1,2,南京白云瑞来科技有限公司,江苏省,南京市,,During-COVID
603861,2021,广州白云电器设备股份有限公司,广东省,广州市,电气机械和器材制造业,C38,10199798.81,0.037495545,1,12,1,2,浙江桂容谐平科技有限责任公司,浙江省,,,During-COVID
603861,2021,广州白云电器设备股份有限公司,广东省,广州市,电气机械和器材制造业,C38,3430353.84,0.012610345,1,5,1,2,白云电气集团有限公司,广东省,广州市,,During-COVID
603861,2021,广州白云电器设备股份有限公司,广东省,广州市,电气机械和器材制造业,C38,1483327.44,0.005452869,1,7,1,2,东芝白云真空开关管(锦州)有限公司,辽宁省,锦州市,,During-COVID
603861,2021,广州白云电器设备股份有限公司,广东省,广州市,电气机械和器材制造业,C38,6208732.78,0.022823962,1,12,1,2,广州干线新通科技有限公司,广东省,广州市,,During-COVID
603861,2021,广州白云电器设备股份有限公司,广东省,广州市,电气机械和器材制造业,C38,1719710.67,0.006321839,1,12,1,2,广州致新电力科技有限公司,广东省,广州市,,During-COVID
603861,2021,广州白云电器设备股份有限公司,广东省,广州市,电气机械和器材制造业,C38,148247382.1,0.544973135,1,12,1,2,广州市明兴电缆有限公司,广东省,广州市,,During-COVID
603861,2021,广州白云电器设备股份有限公司,广东省,广州市,电气机械和器材制造业,C38,10893.48,1,3,12,1,2,广州市世科高新技术企业孵化器有限公司,广东省,广州市,,During-COVID
603861,2021,广州白云电器设备股份有限公司,广东省,广州市,电气机械和器材制造业,C38,5437.18,2.00E-05,1,12,1,2,南京电气(江西)电瓷有限公司,江苏省,南京市,,During-COVID
603861,2021,广州白云电器设备股份有限公司,广东省,广州市,电气机械和器材制造业,C38,1759181.43,0.006466938,1,10,1,2,广东云舜综合能源科技有限公司,广东省,,,During-COVID
603861,2021,广州白云电器设备股份有限公司,广东省,广州市,电气机械和器材制造业,C38,502300.89,0.001846511,1,12,1,2,南京电气(集团)高新材料有限公司,江苏省,南京市,,During-COVID
603861,2021,广州白云电器设备股份有限公司,广东省,广州市,电气机械和器材制造业,C38,41527159.59,0.369736166,1,6,1,1,广州东芝白云电器设备有限公司,广东省,广州市,,During-COVID
603861,2021,广州白云电器设备股份有限公司,广东省,广州市,电气机械和器材制造业,C38,6656239.34,0.059263683,1,6,1,1,广州东芝白云自动化系统有限公司,广东省,广州市,,During-COVID
603861,2021,广州白云电器设备股份有限公司,广东省,广州市,电气机械和器材制造业,C38,11696104.79,0.104136016,1,7,1,1,广州东芝白云菱机电力电子有限公司,广东省,广州市,,During-COVID
603861,2021,广州白云电器设备股份有限公司,广东省,广州市,电气机械和器材制造业,C38,1739782.84,0.015490119,1,12,1,1,广州市扬新技术研究有限责任公司,广东省,广州市,,During-COVID
603861,2021,广州白云电器设备股份有限公司,广东省,广州市,电气机械和器材制造业,C38,3494612.38,0.031114206,1,12,1,1,浙江桂容谐平科技有限责任公司,浙江省,,,During-COVID
603861,2021,广州白云电器设备股份有限公司,广东省,广州市,电气机械和器材制造业,C38,547464.62,0.004874339,1,12,1,1,荣信汇科电气股份有限公司,辽宁省,鞍山市,,During-COVID
603861,2021,广州白云电器设备股份有限公司,广东省,广州市,电气机械和器材制造业,C38,13880562.03,0.123585283,1,12,1,1,白云明德(北京)国际工程管理有限公司,北京市,,,During-COVID
603861,2021,广州白云电器设备股份有限公司,广东省,广州市,电气机械和器材制造业,C38,5192858.54,0.046234504,1,10,1,1,广东云舜综合能源科技有限公司,广东省,,,During-COVID
603861,2021,广州白云电器设备股份有限公司,广东省,广州市,电气机械和器材制造业,C38,3566.05,3.18E-05,1,12,1,1,广州干线新通科技有限公司,广东省,广州市,,During-COVID
603861,2021,广州白云电器设备股份有限公司,广东省,广州市,电气机械和器材制造业,C38,34506.21,0.000307225,1,12,1,1,广州致新电力科技有限公司,广东省,广州市,,During-COVID
603861,2021,广州白云电器设备股份有限公司,广东省,广州市,电气机械和器材制造业,C38,26550066.34,0.236387941,1,12,1,1,南京电气电力工程有限公司,江苏省,南京市,,During-COVID
603861,2021,广州白云电器设备股份有限公司,广东省,广州市,电气机械和器材制造业,C38,24778.77,0.000220617,1,12,1,1,南京电气(集团)智能电力设备有限公司,江苏省,南京市,,During-COVID
603861,2021,广州白云电器设备股份有限公司,广东省,广州市,电气机械和器材制造业,C38,5485.08,4.88E-05,1,12,1,1,广州市明兴电缆有限公司,广东省,广州市,,During-COVID
603861,2021,广州白云电器设备股份有限公司,广东省,广州市,电气机械和器材制造业,C38,700861,0.103175286,7,6,1,1,广州东芝白云自动化系统有限公司,广东省,广州市,,During-COVID
603861,2021,广州白云电器设备股份有限公司,广东省,广州市,电气机械和器材制造业,C38,3315643.18,0.488103111,7,7,1,1,广州东芝白云菱机电力电子有限公司,广东省,广州市,,During-COVID
603861,2021,广州白云电器设备股份有限公司,广东省,广州市,电气机械和器材制造业,C38,1980894.45,0.291611821,7,6,1,1,广州东芝白云电器设备有限公司,广东省,广州市,,During-COVID
603861,2021,广州白云电器设备股份有限公司,广东省,广州市,电气机械和器材制造业,C38,795516.85,0.117109782,7,12,1,1,广州干线新通科技有限公司,广东省,广州市,,During-COVID
603861,2021,广州白云电器设备股份有限公司,广东省,广州市,电气机械和器材制造业,C38,55290.28,0.000492276,1,6,1,1,广州东芝白云自动化系统有限公司,广东省,广州市,,During-COVID
603861,2021,广州白云电器设备股份有限公司,广东省,广州市,电气机械和器材制造业,C38,821818.63,0.007317044,1,7,1,1,广州东芝白云菱机电力电子有限公司,广东省,广州市,,During-COVID
603861,2021,广州白云电器设备股份有限公司,广东省,广州市,电气机械和器材制造业,C38,65198.75,0.000580496,1,6,1,1,广州东芝白云电器设备有限公司,广东省,广州市,,During-COVID
603861,2021,广州白云电器设备股份有限公司,广东省,广州市,电气机械和器材制造业,C38,20160.53,0.000179499,1,12,1,1,广州干线新通科技有限公司,广东省,广州市,,During-COVID
603861,2021,广州白云电器设备股份有限公司,广东省,广州市,电气机械和器材制造业,C38,460942.24,0.691426196,7,12,1,2,广州市世科高新技术企业孵化器有限公司,广东省,广州市,,During-COVID
603861,2021,广州白云电器设备股份有限公司,广东省,广州市,电气机械和器材制造业,C38,57666.69,0.086501641,7,12,1,2,广州市世科高新技术有限公司,广东省,广州市,,During-COVID
603861,2021,广州白云电器设备股份有限公司,广东省,广州市,电气机械和器材制造业,C38,180118.5,0.000662135,1,12,1,2,广州市世科高新技术企业孵化器有限公司,广东省,广州市,,During-COVID
603861,2021,广州白云电器设备股份有限公司,广东省,广州市,电气机械和器材制造业,C38,47455.5,0.000174451,1,12,1,2,广州市世科高新技术有限公司,广东省,广州市,,During-COVID
603861,2021,广州白云电器设备股份有限公司,广东省,广州市,电气机械和器材制造业,C38,155944.76,1,8,12,1,2,广州市世科高新技术企业孵化器有限公司,广东省,广州市,,During-COVID
603861,2021,广州白云电器设备股份有限公司,广东省,广州市,电气机械和器材制造业,C38,35752.22,0.053629326,7,12,1,2,广东达裕实业有限公司,广东省,,,During-COVID
603861,2021,广州白云电器设备股份有限公司,广东省,广州市,电气机械和器材制造业,C38,112293.14,0.168442837,7,12,1,2,广东达裕实业有限公司,广东省,,,During-COVID
603861,2021,广州白云电器设备股份有限公司,广东省,广州市,电气机械和器材制造业,C38,293010900,1,5,11,1,2,"南京电气电力工程有限公司,白云明德(北京)国际工程管理有限公司",江苏省,南京市,,During-COVID
603861,2021,广州白云电器设备股份有限公司,广东省,广州市,电气机械和器材制造业,C38,6474600,1,5,11,1,1,"南京电气电力工程有限公司,白云明德(北京)国际工程管理有限公司",江苏省,南京市,,During-COVID
603861,2022,广州白云电器设备股份有限公司,广东省,广州市,电气机械和器材制造业,C38,120385.36,0.961231241,8,12,1,2,广州市世科高新技术企业孵化器有限公司,广东省,广州市,,During-COVID
603861,2022,广州白云电器设备股份有限公司,广东省,广州市,电气机械和器材制造业,C38,4855.43,0.038768759,8,12,1,2,广州市世科高新技术有限公司,广东省,广州市,,During-COVID
603861,2022,广州白云电器设备股份有限公司,广东省,广州市,电气机械和器材制造业,C38,1858.42,0.003806433,7,12,1,2,广东达裕实业有限公司,广东省,,,During-COVID
603861,2022,广州白云电器设备股份有限公司,广东省,广州市,电气机械和器材制造业,C38,149567.9,0.306346316,7,12,1,2,广东达裕实业有限公司,广东省,,,During-COVID
603861,2022,广州白云电器设备股份有限公司,广东省,广州市,电气机械和器材制造业,C38,15908.27,0.032583461,7,6,1,2,广州东芝白云自动化系统有限公司,广东省,广州市,,During-COVID
603861,2022,广州白云电器设备股份有限公司,广东省,广州市,电气机械和器材制造业,C38,32021939.29,0.148111257,1,6,1,2,广州东芝白云电器设备有限公司,广东省,广州市,,During-COVID
603861,2022,广州白云电器设备股份有限公司,广东省,广州市,电气机械和器材制造业,C38,2715316.58,0.012559169,1,6,1,2,广州东芝白云自动化系统有限公司,广东省,广州市,,During-COVID
603861,2022,广州白云电器设备股份有限公司,广东省,广州市,电气机械和器材制造业,C38,38111834.57,0.176278884,1,12,1,2,广州市扬新技术研究有限责任公司,广东省,广州市,,During-COVID
603861,2022,广州白云电器设备股份有限公司,广东省,广州市,电气机械和器材制造业,C38,4424652.22,0.020465369,1,12,1,2,南京电气高压套管有限公司,江苏省,南京市,,During-COVID
603861,2022,广州白云电器设备股份有限公司,广东省,广州市,电气机械和器材制造业,C38,504371.67,0.002332873,1,12,1,2,南京白云瑞来科技有限公司,江苏省,南京市,,During-COVID
603861,2022,广州白云电器设备股份有限公司,广东省,广州市,电气机械和器材制造业,C38,556902.67,0.002575845,1,12,1,2,浙江桂容谐平科技有限责任公司,浙江省,,,During-COVID
603861,2022,广州白云电器设备股份有限公司,广东省,广州市,电气机械和器材制造业,C38,9041457,0.041819502,1,5,1,2,白云电气集团有限公司,广东省,广州市,,During-COVID
603861,2022,广州白云电器设备股份有限公司,广东省,广州市,电气机械和器材制造业,C38,271805.32,0.001257183,1,7,1,2,东芝白云真空开关管(锦州)有限公司,辽宁省,锦州市,,During-COVID
603861,2022,广州白云电器设备股份有限公司,广东省,广州市,电气机械和器材制造业,C38,2852304.66,0.013192781,1,12,1,2,广州干线新通科技有限公司,广东省,广州市,,During-COVID
603861,2022,广州白云电器设备股份有限公司,广东省,广州市,电气机械和器材制造业,C38,770539.33,0.00356398,1,12,1,2,广州致新电力科技有限公司,广东省,广州市,,During-COVID
603861,2022,广州白云电器设备股份有限公司,广东省,广州市,电气机械和器材制造业,C38,111556735.9,0.515984,1,12,1,2,广州市明兴电缆有限公司,广东省,广州市,,During-COVID
603861,2022,广州白云电器设备股份有限公司,广东省,广州市,电气机械和器材制造业,C38,2599596.79,0.01202393,1,10,1,2,广东云舜综合能源科技有限公司,广东省,,,During-COVID
603861,2022,广州白云电器设备股份有限公司,广东省,广州市,电气机械和器材制造业,C38,360608.35,0.001667924,1,12,1,2,南京电气(集团)高新材料有限公司,江苏省,南京市,,During-COVID
603861,2022,广州白云电器设备股份有限公司,广东省,广州市,电气机械和器材制造业,C38,138532.12,0.698271913,3,12,1,2,白云明德(北京)国际工程管理有限公司,北京市,,,During-COVID
603861,2022,广州白云电器设备股份有限公司,广东省,广州市,电气机械和器材制造业,C38,2506146.26,0.011591692,1,12,1,2,广州明德电力技术有限公司,广东省,广州市,,During-COVID
603861,2022,广州白云电器设备股份有限公司,广东省,广州市,电气机械和器材制造业,C38,59860.68,0.301728087,3,12,1,2,广州市世科高新技术有限公司,广东省,广州市,,During-COVID
603861,2022,广州白云电器设备股份有限公司,广东省,广州市,电气机械和器材制造业,C38,7829203.55,0.036212459,1,12,1,2,南京电气(集团)智能电力设备有限公司,江苏省,南京市,,During-COVID
603861,2022,广州白云电器设备股份有限公司,广东省,广州市,电气机械和器材制造业,C38,21762049.31,0.270003174,1,6,1,1,广州东芝白云电器设备有限公司,广东省,广州市,,During-COVID
603861,2022,广州白云电器设备股份有限公司,广东省,广州市,电气机械和器材制造业,C38,3899348.35,0.048379471,1,6,1,1,广州东芝白云自动化系统有限公司,广东省,广州市,,During-COVID
603861,2022,广州白云电器设备股份有限公司,广东省,广州市,电气机械和器材制造业,C38,8075724.77,0.100196047,1,7,1,1,广州东芝白云菱机电力电子有限公司,广东省,广州市,,During-COVID
603861,2022,广州白云电器设备股份有限公司,广东省,广州市,电气机械和器材制造业,C38,13137.45,0.011226727,3,12,1,1,广州市世科高新技术有限公司,广东省,广州市,,During-COVID
603861,2022,广州白云电器设备股份有限公司,广东省,广州市,电气机械和器材制造业,C38,1132075.49,0.967425404,3,7,1,1,东芝白云真空开关管(锦州)有限公司,辽宁省,锦州市,,During-COVID
603861,2022,广州白云电器设备股份有限公司,广东省,广州市,电气机械和器材制造业,C38,6862256.28,0.085140464,1,12,1,1,广州市扬新技术研究有限责任公司,广东省,广州市,,During-COVID
603861,2022,广州白云电器设备股份有限公司,广东省,广州市,电气机械和器材制造业,C38,71283.19,0.000884415,1,12,1,1,浙江桂容谐平科技有限责任公司,浙江省,,,During-COVID
603861,2022,广州白云电器设备股份有限公司,广东省,广州市,电气机械和器材制造业,C38,654516.62,0.008120631,1,12,1,1,荣信汇科电气股份有限公司,辽宁省,鞍山市,,During-COVID
603861,2022,广州白云电器设备股份有限公司,广东省,广州市,电气机械和器材制造业,C38,7042792.9,0.087380394,1,12,1,1,白云明德(北京)国际工程管理有限公司,北京市,,,During-COVID
603861,2022,广州白云电器设备股份有限公司,广东省,广州市,电气机械和器材制造业,C38,2132716.85,0.026460758,1,10,1,1,广东云舜综合能源科技有限公司,广东省,,,During-COVID
603861,2022,广州白云电器设备股份有限公司,广东省,广州市,电气机械和器材制造业,C38,6113.22,0.005224108,3,12,1,1,广州干线新通科技有限公司,广东省,广州市,,During-COVID
603861,2022,广州白云电器设备股份有限公司,广东省,广州市,电气机械和器材制造业,C38,44035.41,0.00054635,1,12,1,1,广州致新电力科技有限公司,广东省,广州市,,During-COVID
603861,2022,广州白云电器设备股份有限公司,广东省,广州市,电气机械和器材制造业,C38,26748384.09,0.331868957,1,12,1,1,南京电气电力工程有限公司,江苏省,南京市,,During-COVID
603861,2022,广州白云电器设备股份有限公司,广东省,广州市,电气机械和器材制造业,C38,236283.2,0.002931581,1,12,1,1,南京电气(集团)智能电力设备有限公司,江苏省,南京市,,During-COVID
603861,2022,广州白云电器设备股份有限公司,广东省,广州市,电气机械和器材制造业,C38,1518246.7,0.018836986,1,12,1,1,广州明德电力技术有限公司,广东省,广州市,,During-COVID
603861,2022,广州白云电器设备股份有限公司,广东省,广州市,电气机械和器材制造业,C38,18867.93,0.016123761,3,12,1,1,广东达裕实业有限公司,广东省,,,During-COVID
603861,2022,广州白云电器设备股份有限公司,广东省,广州市,电气机械和器材制造业,C38,277646.82,0.56867871,7,12,1,2,广州市世科高新技术企业孵化器有限公司,广东省,广州市,,During-COVID
603861,2022,广州白云电器设备股份有限公司,广东省,广州市,电气机械和器材制造业,C38,43250.02,0.088585079,7,12,1,2,广州市世科高新技术有限公司,广东省,广州市,,During-COVID
603861,2022,广州白云电器设备股份有限公司,广东省,广州市,电气机械和器材制造业,C38,56713.32,0.000262316,1,12,1,2,广州市世科高新技术企业孵化器有限公司,广东省,广州市,,During-COVID
603861,2022,广州白云电器设备股份有限公司,广东省,广州市,电气机械和器材制造业,C38,21801.04,0.000100836,1,12,1,2,广州市世科高新技术有限公司,广东省,广州市,,During-COVID
603861,2022,广州白云电器设备股份有限公司,广东省,广州市,电气机械和器材制造业,C38,675060.57,0.104352883,7,6,1,1,广州东芝白云自动化系统有限公司,广东省,广州市,,During-COVID
603861,2022,广州白云电器设备股份有限公司,广东省,广州市,电气机械和器材制造业,C38,3555145.04,0.549564961,7,7,1,1,广州东芝白云菱机电力电子有限公司,广东省,广州市,,During-COVID
603861,2022,广州白云电器设备股份有限公司,广东省,广州市,电气机械和器材制造业,C38,1647026.21,0.254602241,7,6,1,1,广州东芝白云电器设备有限公司,广东省,广州市,,During-COVID
603861,2022,广州白云电器设备股份有限公司,广东省,广州市,电气机械和器材制造业,C38,591785.11,0.091479914,7,12,1,1,广州干线新通科技有限公司,广东省,广州市,,During-COVID
603861,2022,广州白云电器设备股份有限公司,广东省,广州市,电气机械和器材制造业,C38,93191.26,0.00115623,1,6,1,1,广州东芝白云自动化系统有限公司,广东省,广州市,,During-COVID
603861,2022,广州白云电器设备股份有限公司,广东省,广州市,电气机械和器材制造业,C38,1291099.77,0.01601876,1,7,1,1,广州东芝白云菱机电力电子有限公司,广东省,广州市,,During-COVID
603861,2022,广州白云电器设备股份有限公司,广东省,广州市,电气机械和器材制造业,C38,126441.55,0.001568769,1,6,1,1,广州东芝白云电器设备有限公司,广东省,广州市,,During-COVID
603861,2022,广州白云电器设备股份有限公司,广东省,广州市,电气机械和器材制造业,C38,40864.81,0.000507012,1,12,1,1,广州干线新通科技有限公司,广东省,广州市,,During-COVID
603861,2023,广州白云电器设备股份有限公司,广东省,广州市,电气机械和器材制造业,C38,118423905.5,0.376233549,1,6,1,2,广州东芝白云电器设备有限公司,广东省,广州市,,Post-COVID
603861,2023,广州白云电器设备股份有限公司,广东省,广州市,电气机械和器材制造业,C38,323.9,1.03E-06,1,7,1,2,广州东芝白云菱机电力电子有限公司,广东省,广州市,,Post-COVID
603861,2023,广州白云电器设备股份有限公司,广东省,广州市,电气机械和器材制造业,C38,737291.2,0.002342379,1,6,1,2,广州东芝白云自动化系统有限公司,广东省,广州市,,Post-COVID
603861,2023,广州白云电器设备股份有限公司,广东省,广州市,电气机械和器材制造业,C38,59523724.88,0.189107277,1,12,1,2,广州市扬新技术研究有限责任公司,广东省,广州市,,Post-COVID
603861,2023,广州白云电器设备股份有限公司,广东省,广州市,电气机械和器材制造业,C38,9469732.75,0.030085405,1,12,1,2,南京电气高压套管有限公司,江苏省,南京市,,Post-COVID
603861,2023,广州白云电器设备股份有限公司,广东省,广州市,电气机械和器材制造业,C38,460177,0.001461985,1,12,1,2,浙江桂容谐平科技有限责任公司,浙江省,,,Post-COVID
603861,2023,广州白云电器设备股份有限公司,广东省,广州市,电气机械和器材制造业,C38,3122654.88,0.009920696,1,4,1,2,白云电气集团有限公司,广东省,广州市,,Post-COVID
603861,2023,广州白云电器设备股份有限公司,广东省,广州市,电气机械和器材制造业,C38,49826.55,0.000158299,1,7,1,2,东芝白云真空开关管(锦州)有限公司,辽宁省,锦州市,,Post-COVID
603861,2023,广州白云电器设备股份有限公司,广东省,广州市,电气机械和器材制造业,C38,11829495.37,0.037582387,1,12,1,2,广州干线新通科技有限公司,广东省,广州市,,Post-COVID
603861,2023,广州白云电器设备股份有限公司,广东省,广州市,电气机械和器材制造业,C38,1953132.48,0.006205115,1,12,1,2,广州致新电力科技有限公司,广东省,广州市,,Post-COVID
603861,2023,广州白云电器设备股份有限公司,广东省,广州市,电气机械和器材制造业,C38,97032602.89,0.308273236,1,12,1,2,广州市明兴电缆有限公司,广东省,广州市,,Post-COVID
603861,2023,广州白云电器设备股份有限公司,广东省,广州市,电气机械和器材制造业,C38,5973.46,1.90E-05,1,12,1,2,南京电气(江西)电瓷有限公司,江苏省,南京市,,Post-COVID
603861,2023,广州白云电器设备股份有限公司,广东省,广州市,电气机械和器材制造业,C38,1757686.18,0.005584181,1,12,1,2,南京电气(集团)高新材料有限公司,江苏省,南京市,,Post-COVID
603861,2023,广州白云电器设备股份有限公司,广东省,广州市,电气机械和器材制造业,C38,203589.68,0.000646806,1,12,1,2,广州明德电力技术有限公司,广东省,广州市,,Post-COVID
603861,2023,广州白云电器设备股份有限公司,广东省,广州市,电气机械和器材制造业,C38,814.17,2.59E-06,1,12,1,2,南京电气绝缘子有限公司,江苏省,南京市,,Post-COVID
603861,2023,广州白云电器设备股份有限公司,广东省,广州市,电气机械和器材制造业,C38,4771470.71,0.015158995,1,12,1,2,广州云谷数字科技有限公司,广东省,广州市,,Post-COVID
603861,2023,广州白云电器设备股份有限公司,广东省,广州市,电气机械和器材制造业,C38,28089,1,3,12,1,2,广州市会贤居餐饮管理服务有限公司,广东省,广州市,,Post-COVID
603861,2023,广州白云电器设备股份有限公司,广东省,广州市,电气机械和器材制造业,C38,4507862.45,0.147360965,1,6,1,1,广州东芝白云电器设备有限公司,广东省,广州市,,Post-COVID
603861,2023,广州白云电器设备股份有限公司,广东省,广州市,电气机械和器材制造业,C38,1127586.29,0.036860531,1,6,1,1,广州东芝白云自动化系统有限公司,广东省,广州市,,Post-COVID
603861,2023,广州白云电器设备股份有限公司,广东省,广州市,电气机械和器材制造业,C38,497858.88,0.01627489,1,7,1,1,广州东芝白云菱机电力电子有限公司,广东省,广州市,,Post-COVID
603861,2023,广州白云电器设备股份有限公司,广东省,广州市,电气机械和器材制造业,C38,36522.43,0.593826083,3,12,1,1,广州市世科高新技术有限公司,广东省,广州市,,Post-COVID
603861,2023,广州白云电器设备股份有限公司,广东省,广州市,电气机械和器材制造业,C38,2507900.89,0.081982691,1,12,1,1,广州市扬新技术研究有限责任公司,广东省,广州市,,Post-COVID
603861,2023,广州白云电器设备股份有限公司,广东省,广州市,电气机械和器材制造业,C38,116123.9,0.003796063,1,12,1,1,浙江桂容谐平科技有限责任公司,浙江省,,,Post-COVID
603861,2023,广州白云电器设备股份有限公司,广东省,广州市,电气机械和器材制造业,C38,651548.69,0.021298974,1,12,1,1,荣信汇科电气股份有限公司,辽宁省,鞍山市,,Post-COVID
603861,2023,广州白云电器设备股份有限公司,广东省,广州市,电气机械和器材制造业,C38,390424.79,0.012762895,1,12,1,1,白云明德(北京)国际工程管理有限公司,北京市,,,Post-COVID
603861,2023,广州白云电器设备股份有限公司,广东省,广州市,电气机械和器材制造业,C38,6113.22,0.099396165,3,12,1,1,广州干线新通科技有限公司,广东省,广州市,,Post-COVID
603861,2023,广州白云电器设备股份有限公司,广东省,广州市,电气机械和器材制造业,C38,10933638.6,0.357418078,1,12,1,1,广州致新电力科技有限公司,广东省,广州市,,Post-COVID
603861,2023,广州白云电器设备股份有限公司,广东省,广州市,电气机械和器材制造业,C38,5589288.71,0.182712535,1,12,1,1,南京电气电力工程有限公司,江苏省,南京市,,Post-COVID
603861,2023,广州白云电器设备股份有限公司,广东省,广州市,电气机械和器材制造业,C38,560038.05,0.018307512,1,12,1,1,广州明德电力技术有限公司,广东省,广州市,,Post-COVID
603861,2023,广州白云电器设备股份有限公司,广东省,广州市,电气机械和器材制造业,C38,704084.93,0.023016371,1,7,1,1,广州大湾区轨道交通产业投资集团有限公司,广东省,广州市,,Post-COVID
603861,2023,广州白云电器设备股份有限公司,广东省,广州市,电气机械和器材制造业,C38,329203.55,0.010761587,1,12,1,1,江西云滕智慧能源有限公司,江西省,,,Post-COVID
603861,2023,广州白云电器设备股份有限公司,广东省,广州市,电气机械和器材制造业,C38,20626.15,0.000674264,1,12,1,1,南京电气绝缘子有限公司,江苏省,南京市,,Post-COVID
603861,2023,广州白云电器设备股份有限公司,广东省,广州市,电气机械和器材制造业,C38,18867.93,0.306777752,3,12,1,1,广东达裕实业有限公司,广东省,,,Post-COVID
603861,2023,广州白云电器设备股份有限公司,广东省,广州市,电气机械和器材制造业,C38,675060.56,0.090516406,7,6,1,1,广州东芝白云自动化系统有限公司,广东省,广州市,,Post-COVID
603861,2023,广州白云电器设备股份有限公司,广东省,广州市,电气机械和器材制造业,C38,3530212.2,0.473353268,7,7,1,1,广州东芝白云菱机电力电子有限公司,广东省,广州市,,Post-COVID
603861,2023,广州白云电器设备股份有限公司,广东省,广州市,电气机械和器材制造业,C38,1647026.21,0.220843732,7,6,1,1,广州东芝白云电器设备有限公司,广东省,广州市,,Post-COVID
603861,2023,广州白云电器设备股份有限公司,广东省,广州市,电气机械和器材制造业,C38,1101456.9,0.147690335,7,12,1,1,广州干线新通科技有限公司,广东省,广州市,,Post-COVID
603861,2023,广州白云电器设备股份有限公司,广东省,广州市,电气机械和器材制造业,C38,443553.39,0.059474455,7,12,1,1,珈云新材料(徐州)有限公司,江苏省,徐州市,,Post-COVID
603861,2023,广州白云电器设备股份有限公司,广东省,广州市,电气机械和器材制造业,C38,60571.44,0.008121803,7,12,1,1,广州市明兴电缆有限公司,广东省,广州市,,Post-COVID
603861,2023,广州白云电器设备股份有限公司,广东省,广州市,电气机械和器材制造业,C38,105051.62,0.003434113,1,6,1,1,广州东芝白云自动化系统有限公司,广东省,广州市,,Post-COVID
603861,2023,广州白云电器设备股份有限公司,广东省,广州市,电气机械和器材制造业,C38,1517710.36,0.049613595,1,7,1,1,广州东芝白云菱机电力电子有限公司,广东省,广州市,,Post-COVID
603861,2023,广州白云电器设备股份有限公司,广东省,广州市,电气机械和器材制造业,C38,191321.19,0.006254245,1,6,1,1,广州东芝白云电器设备有限公司,广东省,广州市,,Post-COVID
603861,2023,广州白云电器设备股份有限公司,广东省,广州市,电气机械和器材制造业,C38,92263.49,0.003016072,1,12,1,1,广州干线新通科技有限公司,广东省,广州市,,Post-COVID
603861,2023,广州白云电器设备股份有限公司,广东省,广州市,电气机械和器材制造业,C38,246119.21,0.008045579,1,12,1,1,珈云新材料(徐州)有限公司,江苏省,徐州市,,Post-COVID
603861,2023,广州白云电器设备股份有限公司,广东省,广州市,电气机械和器材制造业,C38,155434.6,0.907155343,7,12,1,2,广东达裕实业有限公司,广东省,,,Post-COVID
603861,2023,广州白云电器设备股份有限公司,广东省,广州市,电气机械和器材制造业,C38,15908.27,0.092844657,7,6,1,2,广州东芝白云自动化系统有限公司,广东省,广州市,,Post-COVID
603861,2023,广州白云电器设备股份有限公司,广东省,广州市,电气机械和器材制造业,C38,315929.21,0.001003709,1,10,1,2,山东网聪信息科技有限公司,山东省,,,Post-COVID
603861,2023,广州白云电器设备股份有限公司,广东省,广州市,电气机械和器材制造业,C38,501962.66,0.016409041,1,10,1,1,广东云舜综合能源科技有限公司,广东省,,,Post-COVID
603861,2023,广州白云电器设备股份有限公司,广东省,广州市,电气机械和器材制造业,C38,5103353.1,0.016213387,1,10,1,2,广东云舜综合能源科技有限公司,广东省,,,Post-COVID
603863,2019,广东松炀再生资源股份有限公司,广东省,汕头市,造纸和纸制品业,C22,93295.25,1,7,3,1,2,广东松炀塑胶玩具有限公司,广东省,,,Pre-COVID
603863,2020,广东松炀再生资源股份有限公司,广东省,汕头市,造纸和纸制品业,C22,93295.25,1,7,3,1,1,广东松炀塑胶玩具有限公司,广东省,,,During-COVID
603863,2022,广东松炀再生资源股份有限公司,广东省,汕头市,造纸和纸制品业,C22,24854.26,1,7,12,1,1,汕头华投地产开发有限公司,广东省,汕头市,,During-COVID
603882,2017,广州金域医学检验集团股份有限公司,广东省,广州市,卫生,Q83,5532292.51,1,1,12,1,2,广州阳普医疗科技股份有限公司,广东省,广州市,,Pre-COVID
603882,2017,广州金域医学检验集团股份有限公司,广东省,广州市,卫生,Q83,1638540,1,3,7,1,1,坤育(北京)健康管理有限公司,北京市,,,Pre-COVID
603882,2019,广州金域医学检验集团股份有限公司,广东省,广州市,卫生,Q83,1700046.04,1,1,3,1,2,广州市金圻睿生物科技有限责任公司,广东省,广州市,,Pre-COVID
603882,2019,广州金域医学检验集团股份有限公司,广东省,广州市,卫生,Q83,6888.22,0.66976973,3,3,1,1,广州市金圻睿生物科技有限责任公司,广东省,广州市,,Pre-COVID
603882,2019,广州金域医学检验集团股份有限公司,广东省,广州市,卫生,Q83,3396.24,0.33023027,3,7,1,1,广东金域未来生物技术有限公司,广东省,,,Pre-COVID
603882,2019,广州金域医学检验集团股份有限公司,广东省,广州市,卫生,Q83,536905.65,1,8,7,1,1,广东金域未来生物技术有限公司,广东省,,,Pre-COVID
603882,2019,广州金域医学检验集团股份有限公司,广东省,广州市,卫生,Q83,536905.65,1,7,7,1,1,广东金域未来生物技术有限公司,广东省,,,Pre-COVID
603882,2019,广州金域医学检验集团股份有限公司,广东省,广州市,卫生,Q83,29000000,1,13,3,1,1,广州佳鉴生物技术有限公司,广东省,广州市,,Pre-COVID
603882,2020,广州金域医学检验集团股份有限公司,广东省,广州市,卫生,Q83,18073718.95,1,1,3,1,2,广州市金圻睿生物科技有限责任公司,广东省,广州市,,During-COVID
603882,2020,广州金域医学检验集团股份有限公司,广东省,广州市,卫生,Q83,89456.68,0.849888259,3,3,1,1,广州市金圻睿生物科技有限责任公司,广东省,广州市,,During-COVID
603882,2020,广州金域医学检验集团股份有限公司,广东省,广州市,卫生,Q83,15800.31,0.150111741,3,3,1,1,广州市金圻睿生物科技有限责任公司,广东省,广州市,,During-COVID
603882,2020,广州金域医学检验集团股份有限公司,广东省,广州市,卫生,Q83,230067.64,1,7,7,1,1,广东金域未来生物技术有限公司,广东省,,,During-COVID
603882,2021,广州金域医学检验集团股份有限公司,广东省,广州市,卫生,Q83,60740565.51,0.845712353,1,12,1,2,广州市金圻睿生物科技有限责任公司,广东省,广州市,,During-COVID
603882,2021,广州金域医学检验集团股份有限公司,广东省,广州市,卫生,Q83,7113213.26,0.099039781,1,12,1,2,天津天海新域生物科技有限公司,天津市,,,During-COVID
603882,2021,广州金域医学检验集团股份有限公司,广东省,广州市,卫生,Q83,3968000,0.055247866,1,12,1,2,广东金域未来生物技术有限公司,广东省,,,During-COVID
603882,2021,广州金域医学检验集团股份有限公司,广东省,广州市,卫生,Q83,308899.14,0.102884912,3,12,1,1,广州市金圻睿生物科技有限责任公司,广东省,广州市,,During-COVID
603882,2021,广州金域医学检验集团股份有限公司,广东省,广州市,卫生,Q83,2066,0.000688122,3,12,1,1,广州市金圻睿生物科技有限责任公司,广东省,广州市,,During-COVID
603882,2021,广州金域医学检验集团股份有限公司,广东省,广州市,卫生,Q83,191803.26,1,7,12,1,1,广东金域未来生物技术有限公司,广东省,,,During-COVID
603882,2021,广州金域医学检验集团股份有限公司,广东省,广州市,卫生,Q83,4790.38,0.00159553,3,12,1,1,广东金域未来生物技术有限公司,广东省,,,During-COVID
603882,2021,广州金域医学检验集团股份有限公司,广东省,广州市,卫生,Q83,2686620,0.894831437,3,12,1,1,广州金域公益基金会,广东省,广州市,,During-COVID
603882,2022,广州金域医学检验集团股份有限公司,广东省,广州市,卫生,Q83,190689702,0.868493027,1,3,1,2,广州市金圻睿生物科技有限责任公司,广东省,广州市,,During-COVID
603882,2022,广州金域医学检验集团股份有限公司,广东省,广州市,卫生,Q83,6250124.37,0.028466086,1,7,1,2,天津天海新域生物科技有限公司,天津市,,,During-COVID
603882,2022,广州金域医学检验集团股份有限公司,广东省,广州市,卫生,Q83,22624057.43,0.103040887,1,6,1,2,广东金域未来生物技术有限公司,广东省,,,During-COVID
603882,2022,广州金域医学检验集团股份有限公司,广东省,广州市,卫生,Q83,1468260.42,0.417941599,3,3,1,1,广州市金圻睿生物科技有限责任公司,广东省,广州市,,During-COVID
603882,2022,广州金域医学检验集团股份有限公司,广东省,广州市,卫生,Q83,4774.27,0.001359,3,3,1,1,广州市金圻睿生物科技有限责任公司,广东省,广州市,,During-COVID
603882,2022,广州金域医学检验集团股份有限公司,广东省,广州市,卫生,Q83,224301.02,0.5,7,6,1,1,广东金域未来生物技术有限公司,广东省,,,During-COVID
603882,2022,广州金域医学检验集团股份有限公司,广东省,广州市,卫生,Q83,3881.9,0.001104986,3,6,1,1,广东金域未来生物技术有限公司,广东省,,,During-COVID
603882,2022,广州金域医学检验集团股份有限公司,广东省,广州市,卫生,Q83,3600108.36,1,1,6,1,1,广东金域未来生物技术有限公司,广东省,,,During-COVID
603882,2022,广州金域医学检验集团股份有限公司,广东省,广州市,卫生,Q83,1272959.63,0.36234906,3,10,1,1,广州金域公益基金会,广东省,广州市,,During-COVID
603882,2022,广州金域医学检验集团股份有限公司,广东省,广州市,卫生,Q83,5773.6,0.00164346,3,7,1,1,天津天海新域生物科技有限公司,天津市,,,During-COVID
603882,2022,广州金域医学检验集团股份有限公司,广东省,广州市,卫生,Q83,757425.75,0.215601895,3,7,1,1,广州科金金域创业投资合伙企业(有限合伙),广东省,广州市,,During-COVID
603882,2022,广州金域医学检验集团股份有限公司,广东省,广州市,卫生,Q83,224301.02,0.5,7,6,1,1,广东金域未来生物技术有限公司,广东省,,,During-COVID
603882,2022,广州金域医学检验集团股份有限公司,广东省,广州市,卫生,Q83,22491136.93,1,9,10,1,1,广州金域公益基金会,广东省,广州市,,During-COVID
603882,2023,广州金域医学检验集团股份有限公司,广东省,广州市,卫生,Q83,6914360,1,9,10,1,1,广州金域公益基金会,广东省,广州市,,Post-COVID
603882,2023,广州金域医学检验集团股份有限公司,广东省,广州市,卫生,Q83,22161.61,1,13,11,1,1,"广州鑫鸿域投资咨询合伙企业(有限合伙),广州鑫泓瑞投资咨询合伙企业(有限合伙),广州鑫墁利投资咨询有限公司,谢江涛",广东省,广州市,,Post-COVID
603882,2023,广州金域医学检验集团股份有限公司,广东省,广州市,卫生,Q83,14945580.78,0.048841823,1,2,1,2,天津天海新域生物科技有限公司,天津市,,服务业,Post-COVID
603882,2023,广州金域医学检验集团股份有限公司,广东省,广州市,卫生,Q83,2372463.38,0.007753157,1,6,1,2,广东金域未来生物技术有限公司,广东省,,,Post-COVID
603882,2023,广州金域医学检验集团股份有限公司,广东省,广州市,卫生,Q83,274253791.1,0.896255238,1,3,1,2,广州市金圻睿生物科技有限责任公司,广东省,广州市,,Post-COVID
603882,2023,广州金域医学检验集团股份有限公司,广东省,广州市,卫生,Q83,14427816.93,0.047149782,1,7,1,2,广州金墁利医药科技有限公司,广东省,广州市,,Post-COVID
603882,2023,广州金域医学检验集团股份有限公司,广东省,广州市,卫生,Q83,2526546.63,0.537462946,3,3,1,1,广州市金圻睿生物科技有限责任公司,广东省,广州市,,Post-COVID
603882,2023,广州金域医学检验集团股份有限公司,广东省,广州市,卫生,Q83,13218.98,0.002812025,3,6,1,1,广东金域未来生物技术有限公司,广东省,,,Post-COVID
603882,2023,广州金域医学检验集团股份有限公司,广东省,广州市,卫生,Q83,1009567.47,0.041663036,1,6,1,1,广东金域未来生物技术有限公司,广东省,,,Post-COVID
603882,2023,广州金域医学检验集团股份有限公司,广东省,广州市,卫生,Q83,33396.23,0.007104257,3,2,1,1,天津天海新域生物科技有限公司,天津市,,服务业,Post-COVID
603882,2023,广州金域医学检验集团股份有限公司,广东省,广州市,卫生,Q83,6564.16,0.00139637,3,7,1,1,广州华医再生科技有限公司,广东省,广州市,,Post-COVID
603882,2023,广州金域医学检验集团股份有限公司,广东省,广州市,卫生,Q83,1112449.81,0.236647345,3,10,1,1,广州金域公益基金会,广东省,广州市,,Post-COVID
603882,2023,广州金域医学检验集团股份有限公司,广东省,广州市,卫生,Q83,757425.73,0.161124382,3,7,1,1,广州科金金域创业投资合伙企业(有限合伙),广东省,广州市,,Post-COVID
603882,2023,广州金域医学检验集团股份有限公司,广东省,广州市,卫生,Q83,23222163.1,0.958336964,1,7,1,1,广州金墁利医药科技有限公司,广东省,广州市,,Post-COVID
603882,2023,广州金域医学检验集团股份有限公司,广东省,广州市,卫生,Q83,251274.4,0.053452676,3,7,1,1,广州金墁利医药科技有限公司,广东省,广州市,,Post-COVID
603882,2023,广州金域医学检验集团股份有限公司,广东省,广州市,卫生,Q83,124949.39,0.20975176,7,10,1,1,广州金域公益基金会,广东省,广州市,,Post-COVID
603882,2023,广州金域医学检验集团股份有限公司,广东省,广州市,卫生,Q83,470751.88,0.79024824,7,6,1,1,广东金域未来生物技术有限公司,广东省,,,Post-COVID
603882,2024,广州金域医学检验集团股份有限公司,广东省,广州市,卫生,Q83,8245826.41,1,9,10,1,1,广州金域公益基金会,广东省,广州市,,Post-COVID
603882,2024,广州金域医学检验集团股份有限公司,广东省,广州市,卫生,Q83,318092634,0.859496351,1,3,1,2,广州市金圻睿生物科技有限责任公司,广东省,广州市,,Post-COVID
603882,2024,广州金域医学检验集团股份有限公司,广东省,广州市,卫生,Q83,51999261.91,0.140503649,1,7,1,2,广州金墁利医药科技有限公司,广东省,广州市,,Post-COVID
603882,2024,广州金域医学检验集团股份有限公司,广东省,广州市,卫生,Q83,3153140.55,0.534105674,3,3,1,1,广州市金圻睿生物科技有限责任公司,广东省,广州市,,Post-COVID
603882,2024,广州金域医学检验集团股份有限公司,广东省,广州市,卫生,Q83,3889.5,0.000658836,3,6,1,1,广东金域未来生物技术有限公司,广东省,,,Post-COVID
603882,2024,广州金域医学检验集团股份有限公司,广东省,广州市,卫生,Q83,92358.59,0.001442876,1,6,1,1,广东金域未来生物技术有限公司,广东省,,,Post-COVID
603882,2024,广州金域医学检验集团股份有限公司,广东省,广州市,卫生,Q83,382549.24,0.753793611,7,6,1,1,广东金域未来生物技术有限公司,广东省,,,Post-COVID
603882,2024,广州金域医学检验集团股份有限公司,广东省,广州市,卫生,Q83,3433.97,0.000581675,3,7,1,1,广州华医再生科技有限公司,广东省,广州市,,Post-COVID
603882,2024,广州金域医学检验集团股份有限公司,广东省,广州市,卫生,Q83,1757320.27,0.297669804,3,10,1,1,广州金域公益基金会,广东省,广州市,,Post-COVID
603882,2024,广州金域医学检验集团股份有限公司,广东省,广州市,卫生,Q83,124949.41,0.246206389,7,10,1,1,广州金域公益基金会,广东省,广州市,,Post-COVID
603882,2024,广州金域医学检验集团股份有限公司,广东省,广州市,卫生,Q83,757425.73,0.128299191,3,7,1,1,广州科金金域创业投资合伙企业(有限合伙),广东省,广州市,,Post-COVID
603882,2024,广州金域医学检验集团股份有限公司,广东省,广州市,卫生,Q83,63917698.72,0.998557124,1,7,1,1,广州金墁利医药科技有限公司,广东省,广州市,,Post-COVID
603882,2024,广州金域医学检验集团股份有限公司,广东省,广州市,卫生,Q83,228379.29,0.03868482,3,7,1,1,广州金墁利医药科技有限公司,广东省,广州市,,Post-COVID
603898,2017,广州好莱客创意家居股份有限公司,广东省,广州市,家具制造业,C21,1603773.6,1,19,7,1,2,北京创想明天科技有限公司,北京市,,,Pre-COVID
603898,2018,广州好莱客创意家居股份有限公司,广东省,广州市,家具制造业,C21,2678113.22,0.605269156,3,7,1,2,北京创想明天科技有限公司,北京市,,,Pre-COVID
603898,2018,广州好莱客创意家居股份有限公司,广东省,广州市,家具制造业,C21,1587295.05,1,7,10,1,2,广东好太太科技集团股份有限公司,广东省,广州市,,Pre-COVID
603898,2018,广州好莱客创意家居股份有限公司,广东省,广州市,家具制造业,C21,1825459.08,1,1,10,1,2,广东好太太科技集团股份有限公司,广东省,广州市,,Pre-COVID
603898,2018,广州好莱客创意家居股份有限公司,广东省,广州市,家具制造业,C21,1746551.73,0.394730844,3,12,1,2,深圳市欧盛自动化有限公司,广东省,,,Pre-COVID
603898,2019,广州好莱客创意家居股份有限公司,广东省,广州市,家具制造业,C21,2957547.18,0.252192467,3,7,1,2,北京创想明天科技有限公司,北京市,,,Pre-COVID
603898,2019,广州好莱客创意家居股份有限公司,广东省,广州市,家具制造业,C21,675110.55,0.036406254,1,10,1,2,广东好太太科技集团股份有限公司,广东省,广州市,,Pre-COVID
603898,2019,广州好莱客创意家居股份有限公司,广东省,广州市,家具制造业,C21,3929741.39,0.335092262,3,12,1,2,深圳市欧盛自动化有限公司,广东省,,,Pre-COVID
603898,2019,广州好莱客创意家居股份有限公司,广东省,广州市,家具制造业,C21,665239.82,0.035873962,1,12,1,2,广东科徕尼智能科技有限公司,广东省,,,Pre-COVID
603898,2019,广州好莱客创意家居股份有限公司,广东省,广州市,家具制造业,C21,17174442.5,0.926155158,1,12,1,2,浙江雷拓家居有限公司,浙江省,,,Pre-COVID
603898,2019,广州好莱客创意家居股份有限公司,广东省,广州市,家具制造业,C21,3207547.21,0.273510174,3,12,1,2,浙江雷拓家居有限公司,浙江省,,,Pre-COVID
603898,2019,广州好莱客创意家居股份有限公司,广东省,广州市,家具制造业,C21,232172.65,0.019797552,3,12,1,2,浙江雷拓家居有限公司,浙江省,,,Pre-COVID
603898,2019,广州好莱客创意家居股份有限公司,广东省,广州市,家具制造业,C21,569039.47,0.048522461,3,12,1,2,浙江雷拓家居有限公司,浙江省,,,Pre-COVID
603898,2019,广州好莱客创意家居股份有限公司,广东省,广州市,家具制造业,C21,831293.6,0.070885085,3,12,1,2,浙江雷拓家居有限公司,浙江省,,,Pre-COVID
603898,2019,广州好莱客创意家居股份有限公司,广东省,广州市,家具制造业,C21,29014.13,0.001564626,1,12,1,2,浙江雷拓家居有限公司,浙江省,,,Pre-COVID
603898,2019,广州好莱客创意家居股份有限公司,广东省,广州市,家具制造业,C21,28589192.04,0.992440161,1,12,1,1,浙江雷拓家居有限公司,浙江省,,,Pre-COVID
603898,2019,广州好莱客创意家居股份有限公司,广东省,广州市,家具制造业,C21,217776.03,0.007559839,1,7,1,1,上海齐莱家居用品有限公司,上海市,,,Pre-COVID
603898,2019,广州好莱客创意家居股份有限公司,广东省,广州市,家具制造业,C21,981132.09,1,3,7,1,1,上海齐莱家居用品有限公司,上海市,,,Pre-COVID
603898,2019,广州好莱客创意家居股份有限公司,广东省,广州市,家具制造业,C21,1609948.48,0.320381448,7,10,1,2,广东好太太科技集团股份有限公司,广东省,广州市,,Pre-COVID
603898,2019,广州好莱客创意家居股份有限公司,广东省,广州市,家具制造业,C21,3415150.48,0.679618552,7,12,1,2,浙江雷拓家居有限公司,浙江省,,,Pre-COVID
603898,2020,广州好莱客创意家居股份有限公司,广东省,广州市,家具制造业,C21,1942594.35,1,19,7,1,2,北京创想明天科技有限公司,北京市,,,During-COVID
603898,2020,广州好莱客创意家居股份有限公司,广东省,广州市,家具制造业,C21,303982.3,0.060112949,1,10,1,2,广东好太太科技集团股份有限公司,广东省,广州市,,During-COVID
603898,2020,广州好莱客创意家居股份有限公司,广东省,广州市,家具制造业,C21,6047767.02,0.606257832,3,12,1,2,深圳市欧盛自动化有限公司,广东省,,,During-COVID
603898,2020,广州好莱客创意家居股份有限公司,广东省,广州市,家具制造业,C21,9792.04,0.00193639,1,12,1,2,广东好太太智能家居有限公司,广东省,,,During-COVID
603898,2020,广州好莱客创意家居股份有限公司,广东省,广州市,家具制造业,C21,5435.4,0.001074858,1,12,1,2,广东慧享家品贸易有限公司,广东省,,,During-COVID
603898,2020,广州好莱客创意家居股份有限公司,广东省,广州市,家具制造业,C21,424044.13,0.083855354,1,12,1,2,浙江雷拓家居有限公司,浙江省,,,During-COVID
603898,2020,广州好莱客创意家居股份有限公司,广东省,广州市,家具制造业,C21,3207547.21,0.321540266,3,12,1,2,浙江雷拓家居有限公司,浙江省,,,During-COVID
603898,2020,广州好莱客创意家居股份有限公司,广东省,广州市,家具制造业,C21,769608.16,0.152191152,1,12,1,2,浙江雷拓家居有限公司,浙江省,,,During-COVID
603898,2020,广州好莱客创意家居股份有限公司,广东省,广州市,家具制造业,C21,720255.07,0.072201901,3,12,1,2,浙江雷拓家居有限公司,浙江省,,,During-COVID
603898,2020,广州好莱客创意家居股份有限公司,广东省,广州市,家具制造业,C21,3543990.16,0.700829296,1,12,1,2,成都千川木业有限公司,四川省,,,During-COVID
603898,2020,广州好莱客创意家居股份有限公司,广东省,广州市,家具制造业,C21,28301.9,0.033673297,3,12,1,1,广东好太太智能科技有限公司,广东省,,,During-COVID
603898,2020,广州好莱客创意家居股份有限公司,广东省,广州市,家具制造业,C21,252715.95,0.023063029,1,12,1,1,浙江雷拓家居有限公司,浙江省,,,During-COVID
603898,2020,广州好莱客创意家居股份有限公司,广东省,广州市,家具制造业,C21,3968408.21,0.362159624,1,12,1,1,浙江雷拓家居有限公司,浙江省,,,During-COVID
603898,2020,广州好莱客创意家居股份有限公司,广东省,广州市,家具制造业,C21,4144869.52,0.378263603,1,7,1,1,上海齐莱家居用品有限公司,上海市,,,During-COVID
603898,2020,广州好莱客创意家居股份有限公司,广东省,广州市,家具制造业,C21,2591628.16,0.236513743,1,12,1,1,成都千川木业有限公司,四川省,,,During-COVID
603898,2020,广州好莱客创意家居股份有限公司,广东省,广州市,家具制造业,C21,812183.06,0.966326703,3,12,1,1,成都千川木业有限公司,四川省,,,During-COVID
603898,2020,广州好莱客创意家居股份有限公司,广东省,广州市,家具制造业,C21,1534211.94,0.285313827,7,10,1,2,广东好太太科技集团股份有限公司,广东省,广州市,,During-COVID
603898,2020,广州好莱客创意家居股份有限公司,广东省,广州市,家具制造业,C21,3843066.68,0.714686173,7,12,1,2,浙江雷拓家居有限公司,浙江省,,,During-COVID
603898,2020,广州好莱客创意家居股份有限公司,广东省,广州市,家具制造业,C21,2000000,0.019507875,5,12,1,2,浙江雷拓家居有限公司,浙江省,,,During-COVID
603898,2020,广州好莱客创意家居股份有限公司,广东省,广州市,家具制造业,C21,72698.61,0.000709098,5,12,1,2,浙江雷拓家居有限公司,浙江省,,,During-COVID
603898,2020,广州好莱客创意家居股份有限公司,广东省,广州市,家具制造业,C21,18500000,0.156118143,13,12,1,2,浙江雷拓家居有限公司,浙江省,,,During-COVID
603898,2020,广州好莱客创意家居股份有限公司,广东省,广州市,家具制造业,C21,100000000,0.843881857,13,12,1,2,成都千川木业有限公司,四川省,,,During-COVID
603898,2021,广州好莱客创意家居股份有限公司,广东省,广州市,家具制造业,C21,2397396.24,0.185741618,3,7,1,2,北京创想明天科技有限公司,北京市,,,During-COVID
603898,2021,广州好莱客创意家居股份有限公司,广东省,广州市,家具制造业,C21,477787.63,0.043147172,1,10,1,2,广东好太太科技集团股份有限公司,广东省,广州市,,During-COVID
603898,2021,广州好莱客创意家居股份有限公司,广东省,广州市,家具制造业,C21,51185.85,0.003965695,3,12,1,2,深圳市欧盛自动化有限公司,广东省,,,During-COVID
603898,2021,广州好莱客创意家居股份有限公司,广东省,广州市,家具制造业,C21,62389.39,0.005634147,1,12,1,2,广东好太太智能家居有限公司,广东省,,,During-COVID
603898,2021,广州好莱客创意家居股份有限公司,广东省,广州市,家具制造业,C21,152516.81,0.013773209,1,12,1,2,广东好太太家居用品有限公司,广东省,,,During-COVID
603898,2021,广州好莱客创意家居股份有限公司,广东省,广州市,家具制造业,C21,26977,0.00243619,1,12,1,2,浙江雷拓家居有限公司,浙江省,,,During-COVID
603898,2021,广州好莱客创意家居股份有限公司,广东省,广州市,家具制造业,C21,9622641.61,0.74552758,3,12,1,2,浙江雷拓家居有限公司,浙江省,,,During-COVID
603898,2021,广州好莱客创意家居股份有限公司,广东省,广州市,家具制造业,C21,780865.12,0.07051694,1,12,1,2,浙江雷拓家居有限公司,浙江省,,,During-COVID
603898,2021,广州好莱客创意家居股份有限公司,广东省,广州市,家具制造业,C21,835933.41,0.064765107,3,12,1,2,浙江雷拓家居有限公司,浙江省,,,During-COVID
603898,2021,广州好莱客创意家居股份有限公司,广东省,广州市,家具制造业,C21,7611436.96,0.68735974,1,12,1,2,成都千川木业有限公司,四川省,,,During-COVID
603898,2021,广州好莱客创意家居股份有限公司,广东省,广州市,家具制造业,C21,807987.08,1,2,12,1,2,成都千川木业有限公司,四川省,,,During-COVID
603898,2021,广州好莱客创意家居股份有限公司,广东省,广州市,家具制造业,C21,1961467.27,0.177132602,1,12,1,2,东莞市中亚电缆有限公司,广东省,,,During-COVID
603898,2021,广州好莱客创意家居股份有限公司,广东省,广州市,家具制造业,C21,70785.85,0.000732592,1,12,1,1,浙江雷拓家居有限公司,浙江省,,,During-COVID
603898,2021,广州好莱客创意家居股份有限公司,广东省,广州市,家具制造业,C21,1980173.28,0.020493624,1,12,1,1,浙江雷拓家居有限公司,浙江省,,,During-COVID
603898,2021,广州好莱客创意家居股份有限公司,广东省,广州市,家具制造业,C21,87286.25,0.095592316,3,12,1,1,浙江雷拓家居有限公司,浙江省,,,During-COVID
603898,2021,广州好莱客创意家居股份有限公司,广东省,广州市,家具制造业,C21,4673076.19,0.048363578,1,7,1,1,上海齐莱家居用品有限公司,上海市,,,During-COVID
603898,2021,广州好莱客创意家居股份有限公司,广东省,广州市,家具制造业,C21,90523.12,0.099137203,3,7,1,1,上海齐莱家居用品有限公司,上海市,,,During-COVID
603898,2021,广州好莱客创意家居股份有限公司,广东省,广州市,家具制造业,C21,89899836.19,0.930410206,1,12,1,1,成都千川木业有限公司,四川省,,,During-COVID
603898,2021,广州好莱客创意家居股份有限公司,广东省,广州市,家具制造业,C21,735300.11,0.805270481,3,12,1,1,成都千川木业有限公司,四川省,,,During-COVID
603898,2021,广州好莱客创意家居股份有限公司,广东省,广州市,家具制造业,C21,1596979.59,0.302679447,7,10,1,2,广东好太太科技集团股份有限公司,广东省,广州市,,During-COVID
603898,2021,广州好莱客创意家居股份有限公司,广东省,广州市,家具制造业,C21,3679161.91,0.697320553,7,12,1,2,浙江雷拓家居有限公司,浙江省,,,During-COVID
603898,2021,广州好莱客创意家居股份有限公司,广东省,广州市,家具制造业,C21,80000000,0.4,6,2,1,1,湖北千川门窗有限公司,湖北省,,制造业,During-COVID
603898,2021,广州好莱客创意家居股份有限公司,广东省,广州市,家具制造业,C21,66000000,0.33,6,2,1,1,成都千川门窗有限公司,四川省,成都市,制造业,During-COVID
603898,2021,广州好莱客创意家居股份有限公司,广东省,广州市,家具制造业,C21,54000000,0.27,6,2,1,1,成都千川门窗有限公司,四川省,成都市,制造业,During-COVID
603898,2021,广州好莱客创意家居股份有限公司,广东省,广州市,家具制造业,C21,54000000,0.151862381,6,12,1,2,成都千川木业有限公司,四川省,,,During-COVID
603898,2021,广州好莱客创意家居股份有限公司,广东省,广州市,家具制造业,C21,38248700,0.107565531,6,12,1,2,成都雅商汇实业有限公司,四川省,,,During-COVID
603898,2021,广州好莱客创意家居股份有限公司,广东省,广州市,家具制造业,C21,65336400,0.183743357,6,12,1,2,成都雅商汇实业有限公司,四川省,,,During-COVID
603898,2021,广州好莱客创意家居股份有限公司,广东省,广州市,家具制造业,C21,66000000,0.185609577,6,12,1,2,成都雅商汇实业有限公司,四川省,,,During-COVID
603898,2021,广州好莱客创意家居股份有限公司,广东省,广州市,家具制造业,C21,2000000,0.018704675,5,12,1,2,浙江雷拓家居有限公司,浙江省,,,During-COVID
603898,2021,广州好莱客创意家居股份有限公司,广东省,广州市,家具制造业,C21,77942.45,0.000728944,5,12,1,2,浙江雷拓家居有限公司,浙江省,,,During-COVID
603898,2022,广州好莱客创意家居股份有限公司,广东省,广州市,家具制造业,C21,974886.8,1,19,7,1,2,北京创想明天科技有限公司,北京市,,,During-COVID
603898,2022,广州好莱客创意家居股份有限公司,广东省,广州市,家具制造业,C21,1030000000,1,13,10,1,3,广东好太太科技集团股份有限公司,广东省,广州市,,During-COVID
603898,2022,广州好莱客创意家居股份有限公司,广东省,广州市,家具制造业,C21,224495.58,0.311460211,1,10,1,2,广东好太太科技集团股份有限公司,广东省,广州市,,During-COVID
603898,2022,广州好莱客创意家居股份有限公司,广东省,广州市,家具制造业,C21,36548.68,0.050706832,1,12,1,2,广东好太太智能家居有限公司,广东省,,,During-COVID
603898,2022,广州好莱客创意家居股份有限公司,广东省,广州市,家具制造业,C21,459739.88,0.637832958,1,12,1,2,广东好太太家居用品有限公司,广东省,,,During-COVID
603898,2022,广州好莱客创意家居股份有限公司,广东省,广州市,家具制造业,C21,2423846.28,0.113533613,1,10,1,1,广东好太太科技集团股份有限公司,广东省,广州市,,During-COVID
603898,2022,广州好莱客创意家居股份有限公司,广东省,广州市,家具制造业,C21,610404.51,1,3,10,1,1,广东好太太科技集团股份有限公司,广东省,广州市,,During-COVID
603898,2022,广州好莱客创意家居股份有限公司,广东省,广州市,家具制造业,C21,516194.03,0.024178667,1,12,1,1,上海齐莱家居用品有限公司,上海市,,,During-COVID
603898,2022,广州好莱客创意家居股份有限公司,广东省,广州市,家具制造业,C21,1174972.58,0.055036032,1,12,1,1,上海齐莱家居用品有限公司,上海市,,,During-COVID
603898,2022,广州好莱客创意家居股份有限公司,广东省,广州市,家具制造业,C21,17234138.39,0.807251687,1,12,1,1,成都千川木业有限公司,四川省,,,During-COVID
603898,2022,广州好莱客创意家居股份有限公司,广东省,广州市,家具制造业,C21,1676829.12,1,7,10,1,2,广东好太太科技集团股份有限公司,广东省,广州市,,During-COVID
603898,2023,广州好莱客创意家居股份有限公司,广东省,广州市,家具制造业,C21,1081167.94,1,3,7,1,2,北京创想明天科技有限公司,北京市,,,Post-COVID
603898,2023,广州好莱客创意家居股份有限公司,广东省,广州市,家具制造业,C21,851240.79,1,1,10,1,2,广东好太太家居用品有限公司,广东省,,,Post-COVID
603898,2023,广州好莱客创意家居股份有限公司,广东省,广州市,家具制造业,C21,2339983.73,1,1,10,1,1,广东好太太科技集团股份有限公司,广东省,广州市,,Post-COVID
603898,2023,广州好莱客创意家居股份有限公司,广东省,广州市,家具制造业,C21,198842.83,1,3,10,1,1,广东好太太科技集团股份有限公司,广东省,广州市,,Post-COVID
603898,2023,广州好莱客创意家居股份有限公司,广东省,广州市,家具制造业,C21,1683509.77,1,7,10,1,2,广东好太太科技集团股份有限公司,广东省,广州市,,Post-COVID
603920,2017,广东世运电路科技股份有限公司,广东省,江门市,计算机、通信和其他电子设备制造业,C39,6534200,0.536320694,6,1,1,2,新豪国际集团有限公司,香港特别行政区,,投资,Pre-COVID
603920,2017,广东世运电路科技股份有限公司,广东省,江门市,计算机、通信和其他电子设备制造业,C39,5649182.21,0.463679306,6,11,1,2,新豪国际集团有限公司,香港特别行政区,,,Pre-COVID
603920,2018,广东世运电路科技股份有限公司,广东省,江门市,计算机、通信和其他电子设备制造业,C39,3010835.47,1,6,11,1,2,新豪国际集团有限公司,香港特别行政区,,,Pre-COVID
603920,2020,广东世运电路科技股份有限公司,广东省,江门市,计算机、通信和其他电子设备制造业,C39,364854,0.162961237,7,3,1,2,朝佳有限公司,广东省,东莞市,,During-COVID
603920,2020,广东世运电路科技股份有限公司,广东省,江门市,计算机、通信和其他电子设备制造业,C39,1807590.97,0.807356533,7,3,1,2,世运环球投资有限公司,香港特别行政区,,,During-COVID
603920,2020,广东世运电路科技股份有限公司,广东省,江门市,计算机、通信和其他电子设备制造业,C39,66455.56,0.02968223,7,1,1,2,新豪国际集团有限公司,香港特别行政区,,投资,During-COVID
603920,2022,广东世运电路科技股份有限公司,广东省,江门市,计算机、通信和其他电子设备制造业,C39,110000,1,3,10,1,2,深圳市晋昇咨询服务有限公司,广东省,,,During-COVID
603920,2022,广东世运电路科技股份有限公司,广东省,江门市,计算机、通信和其他电子设备制造业,C39,359282.71,0.161364686,7,12,1,2,朝佳有限公司,广东省,东莞市,,During-COVID
603920,2022,广东世运电路科技股份有限公司,广东省,江门市,计算机、通信和其他电子设备制造业,C39,1779989.16,0.799446744,7,3,1,2,世运环球投资有限公司,香港特别行政区,,,During-COVID
603920,2022,广东世运电路科技股份有限公司,广东省,江门市,计算机、通信和其他电子设备制造业,C39,87254.38,0.03918857,7,1,1,2,新豪国际集团有限公司,香港特别行政区,,投资,During-COVID
603920,2023,广东世运电路科技股份有限公司,广东省,江门市,计算机、通信和其他电子设备制造业,C39,180000,1,3,10,1,2,深圳市晋昇咨询服务有限公司,广东省,,,Post-COVID
603920,2023,广东世运电路科技股份有限公司,广东省,江门市,计算机、通信和其他电子设备制造业,C39,22943.25,0.010093816,7,1,1,2,新豪国际集团有限公司,香港特别行政区,,投资,Post-COVID
603920,2024,广东世运电路科技股份有限公司,广东省,江门市,计算机、通信和其他电子设备制造业,C39,6000,0.185609107,1,12,1,1,深圳市斑岩光子技术有限公司,广东省,,,Post-COVID
603920,2024,广东世运电路科技股份有限公司,广东省,江门市,计算机、通信和其他电子设备制造业,C39,26326,0.814390893,1,6,1,1,深圳市卓越智运科技有限公司,广东省,,,Post-COVID
603920,2024,广东世运电路科技股份有限公司,广东省,江门市,计算机、通信和其他电子设备制造业,C39,384762,0.167946256,7,12,1,2,朝佳有限公司,广东省,东莞市,,Post-COVID
603920,2024,广东世运电路科技股份有限公司,广东省,江门市,计算机、通信和其他电子设备制造业,C39,1906220.89,0.832053744,7,12,1,2,世运环球投资有限公司,香港特别行政区,,,Post-COVID
603936,2017,博敏电子股份有限公司,广东省,梅州市,计算机、通信和其他电子设备制造业,C39,9188.44,1,1,10,1,2,梅州市华泰工贸有限公司,广东省,梅州市,,Pre-COVID
603936,2017,博敏电子股份有限公司,广东省,梅州市,计算机、通信和其他电子设备制造业,C39,50000000,1,6,2,1,1,深圳市博敏电子有限公司,广东省,深圳市,工业制造业,Pre-COVID
603936,2018,博敏电子股份有限公司,广东省,梅州市,计算机、通信和其他电子设备制造业,C39,16813.84,1,1,10,1,2,梅州市华泰工贸有限公司,广东省,梅州市,,Pre-COVID
603936,2019,博敏电子股份有限公司,广东省,梅州市,计算机、通信和其他电子设备制造业,C39,14925.67,1,1,10,1,2,梅州市华泰工贸有限公司,广东省,梅州市,,Pre-COVID
603936,2019,博敏电子股份有限公司,广东省,梅州市,计算机、通信和其他电子设备制造业,C39,251289.57,1,4,10,1,2,江苏好山水环保科技有限公司,江苏省,,,Pre-COVID
603936,2019,博敏电子股份有限公司,广东省,梅州市,计算机、通信和其他电子设备制造业,C39,478032.79,1,1,10,1,1,江苏好山水环保科技有限公司,江苏省,,,Pre-COVID
603936,2019,博敏电子股份有限公司,广东省,梅州市,计算机、通信和其他电子设备制造业,C39,37141.81,1,7,10,1,1,广东久泰投资有限公司,广东省,,,Pre-COVID
603936,2020,博敏电子股份有限公司,广东省,梅州市,计算机、通信和其他电子设备制造业,C39,36367.65,1,1,10,1,2,梅州市华泰工贸有限公司,广东省,梅州市,,During-COVID
603936,2020,博敏电子股份有限公司,广东省,梅州市,计算机、通信和其他电子设备制造业,C39,343261.28,1,3,10,1,2,江苏好山水环保科技有限公司,江苏省,,,During-COVID
603936,2020,博敏电子股份有限公司,广东省,梅州市,计算机、通信和其他电子设备制造业,C39,3084605.84,0.083144531,1,10,1,1,江苏好山水环保科技有限公司,江苏省,,,During-COVID
603936,2020,博敏电子股份有限公司,广东省,梅州市,计算机、通信和其他电子设备制造业,C39,33872292.56,0.913016452,1,7,1,1,苏州市裕立诚电子科技有限公司,江苏省,苏州市,,During-COVID
603936,2020,博敏电子股份有限公司,广东省,梅州市,计算机、通信和其他电子设备制造业,C39,10301.35,0.000277669,1,7,1,1,深圳市艺感科技有限公司,广东省,,,During-COVID
603936,2020,博敏电子股份有限公司,广东省,梅州市,计算机、通信和其他电子设备制造业,C39,132123.59,0.003561348,1,7,1,1,许昌市艺感科技有限公司,河南省,许昌市,,During-COVID
603936,2021,博敏电子股份有限公司,广东省,梅州市,计算机、通信和其他电子设备制造业,C39,94429.35,0.009378542,1,10,1,2,梅州市华泰工贸有限公司,广东省,梅州市,,During-COVID
603936,2021,博敏电子股份有限公司,广东省,梅州市,计算机、通信和其他电子设备制造业,C39,9974230.16,0.990621458,1,7,1,2,梅州市奔创电子有限公司,广东省,梅州市,,During-COVID
603936,2021,博敏电子股份有限公司,广东省,梅州市,计算机、通信和其他电子设备制造业,C39,9833056.33,0.839601765,1,2,1,1,苏州市裕立诚电子科技有限公司,江苏省,苏州市,商品销售,During-COVID
603936,2021,博敏电子股份有限公司,广东省,梅州市,计算机、通信和其他电子设备制造业,C39,58325.58,0.004980167,1,7,1,1,深圳市艺感科技有限公司,广东省,,,During-COVID
603936,2021,博敏电子股份有限公司,广东省,梅州市,计算机、通信和其他电子设备制造业,C39,1820189.86,0.155418068,1,7,1,1,梅州市奔创电子有限公司,广东省,梅州市,,During-COVID
603936,2021,博敏电子股份有限公司,广东省,梅州市,计算机、通信和其他电子设备制造业,C39,10178.47,1,7,7,1,1,深圳市芯舟电子科技有限公司,广东省,,,During-COVID
603936,2022,博敏电子股份有限公司,广东省,梅州市,计算机、通信和其他电子设备制造业,C39,16258849.57,1,2,7,1,2,梅州市奔创电子有限公司,广东省,梅州市,,During-COVID
603936,2022,博敏电子股份有限公司,广东省,梅州市,计算机、通信和其他电子设备制造业,C39,7111504.44,1,2,7,1,1,梅州市奔创电子有限公司,广东省,梅州市,,During-COVID
603936,2022,博敏电子股份有限公司,广东省,梅州市,计算机、通信和其他电子设备制造业,C39,4600.9,3.53E-05,1,12,1,2,华泰工贸,内蒙古,阿拉善盟额济纳旗,,During-COVID
603936,2022,博敏电子股份有限公司,广东省,梅州市,计算机、通信和其他电子设备制造业,C39,129886623.9,0.996111009,1,7,1,2,梅州市奔创电子有限公司,广东省,梅州市,,During-COVID
603936,2022,博敏电子股份有限公司,广东省,梅州市,计算机、通信和其他电子设备制造业,C39,502499.12,0.003853706,1,7,1,2,深圳市芯舟电子科技有限公司,广东省,,,During-COVID
603936,2022,博敏电子股份有限公司,广东省,梅州市,计算机、通信和其他电子设备制造业,C39,29927017.24,0.985030707,1,7,1,1,梅州市奔创电子有限公司,广东省,梅州市,,During-COVID
603936,2022,博敏电子股份有限公司,广东省,梅州市,计算机、通信和其他电子设备制造业,C39,454794.25,0.014969293,1,7,1,1,深圳市芯舟电子科技有限公司,广东省,,,During-COVID
603936,2022,博敏电子股份有限公司,广东省,梅州市,计算机、通信和其他电子设备制造业,C39,319780.22,1,7,7,1,1,深圳市芯舟电子科技有限公司,广东省,,,During-COVID
603936,2023,博敏电子股份有限公司,广东省,梅州市,计算机、通信和其他电子设备制造业,C39,6107.47,2.75E-05,1,10,1,2,梅州市华泰工贸有限公司,广东省,梅州市,,Post-COVID
603936,2023,博敏电子股份有限公司,广东省,梅州市,计算机、通信和其他电子设备制造业,C39,221880064.5,0.998392226,1,7,1,2,梅州市奔创电子有限公司,广东省,梅州市,,Post-COVID
603936,2023,博敏电子股份有限公司,广东省,梅州市,计算机、通信和其他电子设备制造业,C39,351200,0.001580292,1,2,1,2,深圳市芯舟电子科技有限公司,广东省,深圳市,工业制造业,Post-COVID
603936,2023,博敏电子股份有限公司,广东省,梅州市,计算机、通信和其他电子设备制造业,C39,3499939.64,0.867632,1,7,1,1,梅州市奔创电子有限公司,广东省,梅州市,,Post-COVID
603936,2023,博敏电子股份有限公司,广东省,梅州市,计算机、通信和其他电子设备制造业,C39,464275.74,0.115093553,1,2,1,1,深圳市芯舟电子科技有限公司,广东省,深圳市,工业制造业,Post-COVID
603936,2023,博敏电子股份有限公司,广东省,梅州市,计算机、通信和其他电子设备制造业,C39,69683.37,0.017274447,1,2,1,1,深圳市芯舟电子科技有限公司,广东省,深圳市,工业制造业,Post-COVID
603936,2023,博敏电子股份有限公司,广东省,梅州市,计算机、通信和其他电子设备制造业,C39,50000000,0.03021148,6,2,1,1,深圳市博敏电子有限公司,广东省,深圳市,工业制造业,Post-COVID
603936,2023,博敏电子股份有限公司,广东省,梅州市,计算机、通信和其他电子设备制造业,C39,140000000,0.084592145,6,2,1,1,深圳市博敏电子有限公司,广东省,深圳市,工业制造业,Post-COVID
603936,2023,博敏电子股份有限公司,广东省,梅州市,计算机、通信和其他电子设备制造业,C39,100000000,0.060422961,6,2,1,1,江苏博敏电子有限公司,江苏省,大丰市,工业制造业,Post-COVID
603936,2023,博敏电子股份有限公司,广东省,梅州市,计算机、通信和其他电子设备制造业,C39,70000000,0.042296073,6,2,1,1,江苏博敏电子有限公司,江苏省,大丰市,工业制造业,Post-COVID
603936,2023,博敏电子股份有限公司,广东省,梅州市,计算机、通信和其他电子设备制造业,C39,130000000,0.078549849,6,2,1,1,江苏博敏电子有限公司,江苏省,大丰市,工业制造业,Post-COVID
603936,2023,博敏电子股份有限公司,广东省,梅州市,计算机、通信和其他电子设备制造业,C39,100000000,0.060422961,6,2,1,1,江苏博敏电子有限公司,江苏省,大丰市,工业制造业,Post-COVID
603936,2023,博敏电子股份有限公司,广东省,梅州市,计算机、通信和其他电子设备制造业,C39,100000000,0.060422961,6,2,1,1,江苏博敏电子有限公司,江苏省,大丰市,工业制造业,Post-COVID
603936,2023,博敏电子股份有限公司,广东省,梅州市,计算机、通信和其他电子设备制造业,C39,100000000,0.060422961,6,2,1,1,江苏博敏电子有限公司,江苏省,大丰市,工业制造业,Post-COVID
603936,2023,博敏电子股份有限公司,广东省,梅州市,计算机、通信和其他电子设备制造业,C39,50000000,0.03021148,6,2,1,1,江苏博敏电子有限公司,江苏省,大丰市,工业制造业,Post-COVID
603936,2023,博敏电子股份有限公司,广东省,梅州市,计算机、通信和其他电子设备制造业,C39,100000000,0.060422961,6,2,1,1,江苏博敏电子有限公司,江苏省,大丰市,工业制造业,Post-COVID
603936,2023,博敏电子股份有限公司,广东省,梅州市,计算机、通信和其他电子设备制造业,C39,530000000,0.320241692,6,2,1,1,江苏博敏电子有限公司,江苏省,大丰市,工业制造业,Post-COVID
603936,2023,博敏电子股份有限公司,广东省,梅州市,计算机、通信和其他电子设备制造业,C39,70000000,0.042296073,6,2,1,1,江苏博敏电子有限公司,江苏省,大丰市,工业制造业,Post-COVID
603936,2023,博敏电子股份有限公司,广东省,梅州市,计算机、通信和其他电子设备制造业,C39,50000000,0.03021148,6,2,1,1,深圳市君天恒讯科技有限公司,广东省,深圳市,商品销售,Post-COVID
603936,2023,博敏电子股份有限公司,广东省,梅州市,计算机、通信和其他电子设备制造业,C39,358000000,0.079875056,6,11,1,2,"深圳市博敏电子有限公司,徐缓,谢小梅",广东省,,,Post-COVID
603936,2023,博敏电子股份有限公司,广东省,梅州市,计算机、通信和其他电子设备制造业,C39,180000000,0.040160643,6,11,1,2,江苏博敏电子有限公司,江苏省,,,Post-COVID
603936,2023,博敏电子股份有限公司,广东省,梅州市,计算机、通信和其他电子设备制造业,C39,120000000,0.026773762,6,11,1,2,"深圳市博敏电子有限公司,徐缓,谢小梅",广东省,,,Post-COVID
603936,2023,博敏电子股份有限公司,广东省,梅州市,计算机、通信和其他电子设备制造业,C39,600000000,0.133868809,6,11,1,2,江苏博敏电子有限公司,江苏省,,,Post-COVID
603936,2023,博敏电子股份有限公司,广东省,梅州市,计算机、通信和其他电子设备制造业,C39,300000000,0.066934404,6,11,1,2,江苏博敏电子有限公司,江苏省,,,Post-COVID
603936,2023,博敏电子股份有限公司,广东省,梅州市,计算机、通信和其他电子设备制造业,C39,104000000,0.023203927,6,11,1,2,江苏博敏电子有限公司,江苏省,,,Post-COVID
603936,2023,博敏电子股份有限公司,广东省,梅州市,计算机、通信和其他电子设备制造业,C39,1500000000,0.334672021,6,11,1,2,江苏博敏电子有限公司,江苏省,,,Post-COVID
603936,2023,博敏电子股份有限公司,广东省,梅州市,计算机、通信和其他电子设备制造业,C39,200000000,0.044622936,6,11,1,2,江苏博敏电子有限公司,江苏省,,,Post-COVID
603936,2023,博敏电子股份有限公司,广东省,梅州市,计算机、通信和其他电子设备制造业,C39,72220.21,1,7,2,1,1,深圳市芯舟电子科技有限公司,广东省,深圳市,工业制造业,Post-COVID
603936,2023,博敏电子股份有限公司,广东省,梅州市,计算机、通信和其他电子设备制造业,C39,120600,1,7,7,1,2,梅州市奔创电子有限公司,广东省,梅州市,,Post-COVID
603936,2023,博敏电子股份有限公司,广东省,梅州市,计算机、通信和其他电子设备制造业,C39,88495.58,1,2,7,1,2,梅州市奔创电子有限公司,广东省,梅州市,,Post-COVID
603936,2024,博敏电子股份有限公司,广东省,梅州市,计算机、通信和其他电子设备制造业,C39,8521.73,2.65E-05,1,10,1,2,梅州市华泰工贸有限公司,广东省,梅州市,,Post-COVID
603936,2024,博敏电子股份有限公司,广东省,梅州市,计算机、通信和其他电子设备制造业,C39,321439229,0.99997349,1,7,1,2,梅州市奔创电子有限公司,广东省,梅州市,,Post-COVID
603936,2024,博敏电子股份有限公司,广东省,梅州市,计算机、通信和其他电子设备制造业,C39,20522734.94,1,1,7,1,1,梅州市奔创电子有限公司,广东省,梅州市,,Post-COVID
603936,2024,博敏电子股份有限公司,广东省,梅州市,计算机、通信和其他电子设备制造业,C39,140000000,0.077562327,6,2,1,1,深圳市博敏电子有限公司,广东省,深圳市,工业制造业,Post-COVID
603936,2024,博敏电子股份有限公司,广东省,梅州市,计算机、通信和其他电子设备制造业,C39,50000000,0.027700831,6,2,1,1,深圳市博敏电子有限公司,广东省,深圳市,工业制造业,Post-COVID
603936,2024,博敏电子股份有限公司,广东省,梅州市,计算机、通信和其他电子设备制造业,C39,50000000,0.027700831,6,2,1,1,深圳市博敏电子有限公司,广东省,深圳市,工业制造业,Post-COVID
603936,2024,博敏电子股份有限公司,广东省,梅州市,计算机、通信和其他电子设备制造业,C39,100000000,0.055401662,6,2,1,1,深圳市君天恒讯科技有限公司,广东省,深圳市,商品销售,Post-COVID
603936,2024,博敏电子股份有限公司,广东省,梅州市,计算机、通信和其他电子设备制造业,C39,100000000,0.055401662,6,2,1,1,江苏博敏电子有限公司,江苏省,大丰市,工业制造业,Post-COVID
603936,2024,博敏电子股份有限公司,广东省,梅州市,计算机、通信和其他电子设备制造业,C39,70000000,0.038781163,6,2,1,1,江苏博敏电子有限公司,江苏省,大丰市,工业制造业,Post-COVID
603936,2024,博敏电子股份有限公司,广东省,梅州市,计算机、通信和其他电子设备制造业,C39,130000000,0.072022161,6,2,1,1,江苏博敏电子有限公司,江苏省,大丰市,工业制造业,Post-COVID
603936,2024,博敏电子股份有限公司,广东省,梅州市,计算机、通信和其他电子设备制造业,C39,100000000,0.055401662,6,2,1,1,江苏博敏电子有限公司,江苏省,大丰市,工业制造业,Post-COVID
603936,2024,博敏电子股份有限公司,广东省,梅州市,计算机、通信和其他电子设备制造业,C39,100000000,0.055401662,6,2,1,1,江苏博敏电子有限公司,江苏省,大丰市,工业制造业,Post-COVID
603936,2024,博敏电子股份有限公司,广东省,梅州市,计算机、通信和其他电子设备制造业,C39,100000000,0.055401662,6,2,1,1,江苏博敏电子有限公司,江苏省,大丰市,工业制造业,Post-COVID
603936,2024,博敏电子股份有限公司,广东省,梅州市,计算机、通信和其他电子设备制造业,C39,50000000,0.027700831,6,2,1,1,江苏博敏电子有限公司,江苏省,大丰市,工业制造业,Post-COVID
603936,2024,博敏电子股份有限公司,广东省,梅州市,计算机、通信和其他电子设备制造业,C39,100000000,0.055401662,6,2,1,1,江苏博敏电子有限公司,江苏省,大丰市,工业制造业,Post-COVID
603936,2024,博敏电子股份有限公司,广东省,梅州市,计算机、通信和其他电子设备制造业,C39,50000000,0.027700831,6,2,1,1,江苏博敏电子有限公司,江苏省,大丰市,工业制造业,Post-COVID
603936,2024,博敏电子股份有限公司,广东省,梅州市,计算机、通信和其他电子设备制造业,C39,530000000,0.293628809,6,2,1,1,江苏博敏电子有限公司,江苏省,大丰市,工业制造业,Post-COVID
603936,2024,博敏电子股份有限公司,广东省,梅州市,计算机、通信和其他电子设备制造业,C39,70000000,0.038781163,6,2,1,1,江苏博敏电子有限公司,江苏省,大丰市,工业制造业,Post-COVID
603936,2024,博敏电子股份有限公司,广东省,梅州市,计算机、通信和其他电子设备制造业,C39,358000000,0.087788131,6,11,1,2,深圳市博敏电子有限公司,广东省,,,Post-COVID
603936,2024,博敏电子股份有限公司,广东省,梅州市,计算机、通信和其他电子设备制造业,C39,240000000,0.058852379,6,11,1,2,江苏博敏电子有限公司,江苏省,,,Post-COVID
603936,2024,博敏电子股份有限公司,广东省,梅州市,计算机、通信和其他电子设备制造业,C39,120000000,0.029426189,6,11,1,2,江苏博敏电子有限公司,江苏省,,,Post-COVID
603936,2024,博敏电子股份有限公司,广东省,梅州市,计算机、通信和其他电子设备制造业,C39,600000000,0.147130947,6,11,1,2,江苏博敏电子有限公司,江苏省,,,Post-COVID
603936,2024,博敏电子股份有限公司,广东省,梅州市,计算机、通信和其他电子设备制造业,C39,300000000,0.073565473,6,11,1,2,江苏博敏电子有限公司,江苏省,,,Post-COVID
603936,2024,博敏电子股份有限公司,广东省,梅州市,计算机、通信和其他电子设备制造业,C39,150000000,0.036782737,6,11,1,2,江苏博敏电子有限公司,江苏省,,,Post-COVID
603936,2024,博敏电子股份有限公司,广东省,梅州市,计算机、通信和其他电子设备制造业,C39,1500000000,0.367827366,6,11,1,2,江苏博敏电子有限公司,江苏省,,,Post-COVID
603936,2024,博敏电子股份有限公司,广东省,梅州市,计算机、通信和其他电子设备制造业,C39,200000000,0.049043649,6,11,1,2,江苏博敏电子有限公司,江苏省,,,Post-COVID
603936,2024,博敏电子股份有限公司,广东省,梅州市,计算机、通信和其他电子设备制造业,C39,100000000,0.024521824,6,11,1,2,江苏博敏电子有限公司,江苏省,,,Post-COVID
603936,2024,博敏电子股份有限公司,广东省,梅州市,计算机、通信和其他电子设备制造业,C39,200000000,0.049043649,6,11,1,2,江苏博敏电子有限公司,江苏省,,,Post-COVID
603936,2024,博敏电子股份有限公司,广东省,梅州市,计算机、通信和其他电子设备制造业,C39,491401.63,1,7,7,1,2,梅州市奔创电子有限公司,广东省,梅州市,,Post-COVID
603936,2024,博敏电子股份有限公司,广东省,梅州市,计算机、通信和其他电子设备制造业,C39,1126.24,1,2,7,1,1,梅州市奔创电子有限公司,广东省,梅州市,,Post-COVID
603978,2019,深圳市新星轻合金材料股份有限公司,广东省,深圳市,有色金属冶炼和压延加工业,C32,42159105.48,1,1,7,1,2,江西省汇凯化工有限责任公司,江西省,,,Pre-COVID
603978,2019,深圳市新星轻合金材料股份有限公司,广东省,深圳市,有色金属冶炼和压延加工业,C32,19497093.61,1,1,7,1,1,江西省汇凯化工有限责任公司,江西省,,,Pre-COVID
603978,2019,深圳市新星轻合金材料股份有限公司,广东省,深圳市,有色金属冶炼和压延加工业,C32,596881.53,1,7,12,1,1,沃立美生命科学实验室(深圳)有限公司,广东省,,,Pre-COVID
603978,2019,深圳市新星轻合金材料股份有限公司,广东省,深圳市,有色金属冶炼和压延加工业,C32,4285800,1,13,7,1,2,江西省汇凯化工有限责任公司,江西省,,,Pre-COVID
603978,2020,深圳市新星轻合金材料股份有限公司,广东省,深圳市,有色金属冶炼和压延加工业,C32,110355.21,0.156976749,7,12,1,1,沃立美生命科学实验室(深圳)有限公司,广东省,,,During-COVID
603978,2020,深圳市新星轻合金材料股份有限公司,广东省,深圳市,有色金属冶炼和压延加工业,C32,200000000,0.970873786,6,2,1,1,新星轻合金材料(洛阳)有限公司,河南省,偃师市,新型合金材料研发与制造,During-COVID
603978,2020,深圳市新星轻合金材料股份有限公司,广东省,深圳市,有色金属冶炼和压延加工业,C32,35882148.68,0.536321311,1,11,2,3,江西省汇凯化工有限责任公司,江西省,,,During-COVID
603978,2020,深圳市新星轻合金材料股份有限公司,广东省,深圳市,有色金属冶炼和压延加工业,C32,31022052.11,0.463678689,1,11,2,3,江西省汇凯化工有限责任公司,江西省,,,During-COVID
603978,2020,深圳市新星轻合金材料股份有限公司,广东省,深圳市,有色金属冶炼和压延加工业,C32,592648.33,0.843023251,7,12,1,1,深圳市奥力美肿瘤医疗技术有限公司,广东省,,,During-COVID
603978,2020,深圳市新星轻合金材料股份有限公司,广东省,深圳市,有色金属冶炼和压延加工业,C32,6000000,0.029126214,6,7,1,1,江西省汇凯化工有限责任公司,江西省,,,During-COVID
603978,2021,深圳市新星轻合金材料股份有限公司,广东省,深圳市,有色金属冶炼和压延加工业,C32,16496219.69,0.720364919,1,7,1,1,江西省汇凯化工有限责任公司,江西省,,,During-COVID
603978,2021,深圳市新星轻合金材料股份有限公司,广东省,深圳市,有色金属冶炼和压延加工业,C32,172892.74,0.007549964,1,12,1,1,联领金属有限公司,香港特别行政区,,,During-COVID
603978,2021,深圳市新星轻合金材料股份有限公司,广东省,深圳市,有色金属冶炼和压延加工业,C32,6230697.46,0.272085117,1,12,1,1,上海星炘贸易有限公司,上海市,,,During-COVID
603978,2021,深圳市新星轻合金材料股份有限公司,广东省,深圳市,有色金属冶炼和压延加工业,C32,200000000,0.352112676,6,2,1,1,新星轻合金材料(洛阳)有限公司,河南省,偃师市,新型合金材料研发与制造,During-COVID
603978,2021,深圳市新星轻合金材料股份有限公司,广东省,深圳市,有色金属冶炼和压延加工业,C32,100000000,0.176056338,6,2,1,1,新星轻合金材料(洛阳)有限公司,河南省,偃师市,新型合金材料研发与制造,During-COVID
603978,2021,深圳市新星轻合金材料股份有限公司,广东省,深圳市,有色金属冶炼和压延加工业,C32,200000000,0.352112676,6,2,1,1,新星轻合金材料(洛阳)有限公司,河南省,偃师市,新型合金材料研发与制造,During-COVID
603978,2021,深圳市新星轻合金材料股份有限公司,广东省,深圳市,有色金属冶炼和压延加工业,C32,50000000,0.088028169,6,2,1,1,新星轻合金材料(洛阳)有限公司,河南省,偃师市,新型合金材料研发与制造,During-COVID
603978,2021,深圳市新星轻合金材料股份有限公司,广东省,深圳市,有色金属冶炼和压延加工业,C32,6000000,0.01056338,6,7,1,1,江西省汇凯化工有限责任公司,江西省,,,During-COVID
603978,2021,深圳市新星轻合金材料股份有限公司,广东省,深圳市,有色金属冶炼和压延加工业,C32,12000000,0.021126761,6,7,1,1,江西省汇凯化工有限责任公司,江西省,,,During-COVID
603978,2021,深圳市新星轻合金材料股份有限公司,广东省,深圳市,有色金属冶炼和压延加工业,C32,1030125.18,1,7,12,1,1,沃立美生命科学实验室(深圳)有限公司,广东省,,,During-COVID
603978,2021,深圳市新星轻合金材料股份有限公司,广东省,深圳市,有色金属冶炼和压延加工业,C32,55135809.71,1,1,7,1,2,江西省汇凯化工有限责任公司,江西省,,,During-COVID
603978,2021,深圳市新星轻合金材料股份有限公司,广东省,深圳市,有色金属冶炼和压延加工业,C32,250000000,1,5,5,1,2,深圳市岩代投资有限公司,广东省,,,During-COVID
603978,2022,深圳市新星轻合金材料股份有限公司,广东省,深圳市,有色金属冶炼和压延加工业,C32,58830218.17,1,1,7,1,2,江西省汇凯化工有限责任公司,江西省,,,During-COVID
603978,2022,深圳市新星轻合金材料股份有限公司,广东省,深圳市,有色金属冶炼和压延加工业,C32,2111835.4,1,1,12,1,1,上海星炘贸易有限公司,上海市,,,During-COVID
603978,2022,深圳市新星轻合金材料股份有限公司,广东省,深圳市,有色金属冶炼和压延加工业,C32,50000000,0.074074074,6,2,1,1,新星轻合金材料(洛阳)有限公司,河南省,偃师市,新型合金材料研发与制造,During-COVID
603978,2022,深圳市新星轻合金材料股份有限公司,广东省,深圳市,有色金属冶炼和压延加工业,C32,100000000,0.148148148,6,2,1,1,新星轻合金材料(洛阳)有限公司,河南省,偃师市,新型合金材料研发与制造,During-COVID
603978,2022,深圳市新星轻合金材料股份有限公司,广东省,深圳市,有色金属冶炼和压延加工业,C32,200000000,0.296296296,6,2,1,1,新星轻合金材料(洛阳)有限公司,河南省,偃师市,新型合金材料研发与制造,During-COVID
603978,2022,深圳市新星轻合金材料股份有限公司,广东省,深圳市,有色金属冶炼和压延加工业,C32,165000000,0.244444444,6,2,1,1,新星轻合金材料(洛阳)有限公司,河南省,偃师市,新型合金材料研发与制造,During-COVID
603978,2022,深圳市新星轻合金材料股份有限公司,广东省,深圳市,有色金属冶炼和压延加工业,C32,30000000,0.044444444,6,2,1,1,新星轻合金材料(洛阳)有限公司,河南省,偃师市,新型合金材料研发与制造,During-COVID
603978,2022,深圳市新星轻合金材料股份有限公司,广东省,深圳市,有色金属冶炼和压延加工业,C32,100000000,0.148148148,6,2,1,1,新星轻合金材料(洛阳)有限公司,河南省,偃师市,新型合金材料研发与制造,During-COVID
603978,2022,深圳市新星轻合金材料股份有限公司,广东省,深圳市,有色金属冶炼和压延加工业,C32,6000000,1,6,11,2,3,江西省汇凯化工有限责任公司,江西省,,,During-COVID
603978,2022,深圳市新星轻合金材料股份有限公司,广东省,深圳市,有色金属冶炼和压延加工业,C32,12000000,0.017777778,6,7,1,1,江西省汇凯化工有限责任公司,江西省,,,During-COVID
603978,2022,深圳市新星轻合金材料股份有限公司,广东省,深圳市,有色金属冶炼和压延加工业,C32,18000000,0.026666667,6,7,1,1,江西省汇凯化工有限责任公司,江西省,,,During-COVID
603978,2022,深圳市新星轻合金材料股份有限公司,广东省,深圳市,有色金属冶炼和压延加工业,C32,1368477.06,1,7,12,1,1,深圳市奥力美肿瘤医疗技术有限公司,广东省,,,During-COVID
603978,2023,深圳市新星轻合金材料股份有限公司,广东省,深圳市,有色金属冶炼和压延加工业,C32,83587141.8,1,1,7,1,2,江西省汇凯化工有限责任公司,江西省,,,Post-COVID
603978,2023,深圳市新星轻合金材料股份有限公司,广东省,深圳市,有色金属冶炼和压延加工业,C32,4557.53,0.021119231,1,12,1,1,上海星炘贸易有限公司,上海市,,,Post-COVID
603978,2023,深圳市新星轻合金材料股份有限公司,广东省,深圳市,有色金属冶炼和压延加工业,C32,211242.47,0.978880769,1,12,1,1,联领金属有限公司,香港特别行政区,,,Post-COVID
603978,2023,深圳市新星轻合金材料股份有限公司,广东省,深圳市,有色金属冶炼和压延加工业,C32,6000000,0.125,6,7,1,1,江西省汇凯化工有限责任公司,江西省,,,Post-COVID
603978,2023,深圳市新星轻合金材料股份有限公司,广东省,深圳市,有色金属冶炼和压延加工业,C32,18000000,0.375,6,7,1,1,江西省汇凯化工有限责任公司,江西省,,,Post-COVID
603978,2023,深圳市新星轻合金材料股份有限公司,广东省,深圳市,有色金属冶炼和压延加工业,C32,24000000,0.5,6,7,1,1,江西省汇凯化工有限责任公司,江西省,,,Post-COVID
603978,2023,深圳市新星轻合金材料股份有限公司,广东省,深圳市,有色金属冶炼和压延加工业,C32,816893.61,1,7,3,1,1,深圳市奥力美肿瘤医疗技术有限公司,广东省,,,Post-COVID
603978,2023,深圳市新星轻合金材料股份有限公司,广东省,深圳市,有色金属冶炼和压延加工业,C32,200000000,0.999802817,5,3,1,2,深圳市岩代投资有限公司,广东省,,,Post-COVID
603978,2023,深圳市新星轻合金材料股份有限公司,广东省,深圳市,有色金属冶炼和压延加工业,C32,792803.97,1,4,3,1,1,深圳市奥力美肿瘤医疗技术有限公司,广东省,,,Post-COVID
603978,2023,深圳市新星轻合金材料股份有限公司,广东省,深圳市,有色金属冶炼和压延加工业,C32,39444.45,0.000197183,5,3,1,2,深圳市岩代投资有限公司,广东省,,,Post-COVID
603978,2024,深圳市新星轻合金材料股份有限公司,广东省,深圳市,有色金属冶炼和压延加工业,C32,47916.68,0.00019163,5,3,1,2,深圳市岩代投资有限公司,广东省,,,Post-COVID
603978,2024,深圳市新星轻合金材料股份有限公司,广东省,深圳市,有色金属冶炼和压延加工业,C32,89192442.56,1,1,7,1,2,江西省汇凯化工有限责任公司,江西省,,,Post-COVID
603978,2024,深圳市新星轻合金材料股份有限公司,广东省,深圳市,有色金属冶炼和压延加工业,C32,5615.4,1,1,3,1,1,深圳市森岩制药有限责任公司,广东省,,,Post-COVID
603978,2024,深圳市新星轻合金材料股份有限公司,广东省,深圳市,有色金属冶炼和压延加工业,C32,24000000,0.444444444,6,7,1,1,江西省汇凯化工有限责任公司,江西省,,,Post-COVID
603978,2024,深圳市新星轻合金材料股份有限公司,广东省,深圳市,有色金属冶炼和压延加工业,C32,22500000,0.416666667,6,7,1,1,江西省汇凯化工有限责任公司,江西省,,,Post-COVID
603978,2024,深圳市新星轻合金材料股份有限公司,广东省,深圳市,有色金属冶炼和压延加工业,C32,7500000,0.138888889,6,7,1,1,江西省汇凯化工有限责任公司,江西省,,,Post-COVID
603978,2024,深圳市新星轻合金材料股份有限公司,广东省,深圳市,有色金属冶炼和压延加工业,C32,1082912.67,1,7,3,1,1,深圳市森岩制药有限责任公司,广东省,,,Post-COVID
603978,2024,深圳市新星轻合金材料股份有限公司,广东省,深圳市,有色金属冶炼和压延加工业,C32,250000000,0.99980837,5,3,1,2,深圳市岩代投资有限公司,广东省,,,Post-COVID
603983,2019,广东丸美生物技术股份有限公司,广东省,广州市,化学原料和化学制品制造业,C26,31695814.75,1,1,10,1,1,重庆庄胜贸易有限公司,重庆市,,,Pre-COVID
603983,2020,广东丸美生物技术股份有限公司,广东省,广州市,化学原料和化学制品制造业,C26,32458115.89,1,1,10,1,1,重庆庄胜贸易有限公司,重庆市,,,During-COVID
603983,2021,广东丸美生物技术股份有限公司,广东省,广州市,化学原料和化学制品制造业,C26,24889465.14,1,1,10,1,1,重庆庄胜贸易有限公司,重庆市,,,During-COVID
603983,2022,广东丸美生物技术股份有限公司,广东省,广州市,化学原料和化学制品制造业,C26,9900000,0.99,13,10,1,1,湖南佰迪森医疗科技有限公司,湖南省,,,During-COVID
603983,2022,广东丸美生物技术股份有限公司,广东省,广州市,化学原料和化学制品制造业,C26,4958079.3,1,1,3,1,2,广州贝研生物科技有限公司,广东省,广州市,,During-COVID
603983,2022,广东丸美生物技术股份有限公司,广东省,广州市,化学原料和化学制品制造业,C26,17416717,0.920817713,1,10,1,1,重庆庄胜贸易有限公司,重庆市,,,During-COVID
603983,2022,广东丸美生物技术股份有限公司,广东省,广州市,化学原料和化学制品制造业,C26,1497685.67,0.079182287,1,7,1,1,广州奢加生物科技有限公司,广东省,广州市,,During-COVID
603983,2022,广东丸美生物技术股份有限公司,广东省,广州市,化学原料和化学制品制造业,C26,32076,1,3,10,1,1,禾星(广州)科技有限公司,广东省,广州市,,During-COVID
603983,2022,广东丸美生物技术股份有限公司,广东省,广州市,化学原料和化学制品制造业,C26,674000,0.731654364,7,3,1,2,蔚恒信息科技发展(上海)有限公司,上海市,,,During-COVID
603983,2023,广东丸美生物技术股份有限公司,广东省,广州市,化学原料和化学制品制造业,C26,68158.69,0.060282881,1,10,1,2,禾星(广州)科技有限公司,广东省,广州市,,Post-COVID
603983,2023,广东丸美生物技术股份有限公司,广东省,广州市,化学原料和化学制品制造业,C26,73963,0.065416496,1,3,1,2,广州汇科生物药业有限公司,广东省,广州市,,Post-COVID
603983,2023,广东丸美生物技术股份有限公司,广东省,广州市,化学原料和化学制品制造业,C26,988525.84,0.874300623,1,12,1,2,广州贝研生物科技有限公司,广东省,广州市,,Post-COVID
603983,2023,广东丸美生物技术股份有限公司,广东省,广州市,化学原料和化学制品制造业,C26,1262252.76,1,1,10,1,1,重庆庄胜贸易有限公司,重庆市,,,Post-COVID
603983,2023,广东丸美生物技术股份有限公司,广东省,广州市,化学原料和化学制品制造业,C26,286201.29,1,3,10,1,1,禾星(广州)科技有限公司,广东省,广州市,,Post-COVID
603983,2023,广东丸美生物技术股份有限公司,广东省,广州市,化学原料和化学制品制造业,C26,8807.33,1,7,3,1,1,二元合生(广州)生化制品有限公司,广东省,广州市,,Post-COVID
603983,2023,广东丸美生物技术股份有限公司,广东省,广州市,化学原料和化学制品制造业,C26,1348008,0.845035882,7,3,1,2,蔚恒信息科技发展(上海)有限公司,上海市,,,Post-COVID
603983,2024,广东丸美生物技术股份有限公司,广东省,广州市,化学原料和化学制品制造业,C26,152351.81,0.635514984,1,10,1,2,禾星(广州)科技有限公司,广东省,广州市,,Post-COVID
603983,2024,广东丸美生物技术股份有限公司,广东省,广州市,化学原料和化学制品制造业,C26,87377.88,0.364485016,1,3,1,2,广州汇科生物药业有限公司,广东省,广州市,,Post-COVID
603983,2024,广东丸美生物技术股份有限公司,广东省,广州市,化学原料和化学制品制造业,C26,2830188.69,1,4,3,1,2,二元合生(广州)生化制品有限公司,广东省,广州市,,Post-COVID
603983,2024,广东丸美生物技术股份有限公司,广东省,广州市,化学原料和化学制品制造业,C26,11591892.15,0.999492677,1,10,1,1,重庆庄胜贸易有限公司,重庆市,,,Post-COVID
603983,2024,广东丸美生物技术股份有限公司,广东省,广州市,化学原料和化学制品制造业,C26,8807.33,0.132231272,7,3,1,1,二元合生(广州)生化制品有限公司,广东省,广州市,,Post-COVID
603983,2024,广东丸美生物技术股份有限公司,广东省,广州市,化学原料和化学制品制造业,C26,57798.17,0.867768728,7,3,1,1,广州汇科生物药业有限公司,广东省,广州市,,Post-COVID
603983,2024,广东丸美生物技术股份有限公司,广东省,广州市,化学原料和化学制品制造业,C26,1348008,0.821886227,7,3,1,2,蔚恒信息科技发展(上海)有限公司,上海市,,,Post-COVID
603991,2017,深圳至正高分子材料股份有限公司,广东省,深圳市,橡胶和塑料制品业,C29,9665474.07,1,3,3,1,2,上海齐楚物流有限公司,上海市,,,Pre-COVID
603991,2017,深圳至正高分子材料股份有限公司,广东省,深圳市,橡胶和塑料制品业,C29,49000000,0.141618497,6,11,1,2,"上海至正企业集团有限公司,侯海良,冯琪虹",上海市,,,Pre-COVID
603991,2017,深圳至正高分子材料股份有限公司,广东省,深圳市,橡胶和塑料制品业,C29,19000000,0.054913295,6,11,1,2,"上海至正企业集团有限公司,侯海良,冯琪虹",上海市,,,Pre-COVID
603991,2017,深圳至正高分子材料股份有限公司,广东省,深圳市,橡胶和塑料制品业,C29,9000000,0.026011561,6,11,1,2,"上海至正企业集团有限公司,侯海良,冯琪虹",上海市,,,Pre-COVID
603991,2017,深圳至正高分子材料股份有限公司,广东省,深圳市,橡胶和塑料制品业,C29,10000000,0.028901734,6,11,1,2,"上海至正企业集团有限公司,侯海良,冯琪虹",上海市,,,Pre-COVID
603991,2017,深圳至正高分子材料股份有限公司,广东省,深圳市,橡胶和塑料制品业,C29,858598.42,1,5,1,1,1,上海至正企业集团有限公司,上海市,,工业企业,Pre-COVID
603991,2018,深圳至正高分子材料股份有限公司,广东省,深圳市,橡胶和塑料制品业,C29,16258366.35,1,3,3,1,2,上海齐楚物流有限公司,上海市,,,Pre-COVID
603991,2018,深圳至正高分子材料股份有限公司,广东省,深圳市,橡胶和塑料制品业,C29,9000000,0.017578125,6,11,1,2,"上海至正企业集团有限公司,侯海良,冯琪虹",上海市,,,Pre-COVID
603991,2018,深圳至正高分子材料股份有限公司,广东省,深圳市,橡胶和塑料制品业,C29,10000000,0.01953125,6,11,1,2,"上海至正企业集团有限公司,侯海良,冯琪虹",上海市,,,Pre-COVID
603991,2018,深圳至正高分子材料股份有限公司,广东省,深圳市,橡胶和塑料制品业,C29,49000000,0.095703125,6,11,1,2,"上海至正企业集团有限公司,侯海良,冯琪虹",上海市,,,Pre-COVID
603991,2019,深圳至正高分子材料股份有限公司,广东省,深圳市,橡胶和塑料制品业,C29,14308148.7,1,3,3,1,2,上海齐楚物流有限公司,上海市,,,Pre-COVID
603991,2019,深圳至正高分子材料股份有限公司,广东省,深圳市,橡胶和塑料制品业,C29,49000000,0.093690249,6,11,1,2,"上海至正企业集团有限公司,侯海良,冯琪虹",上海市,,,Pre-COVID
603991,2019,深圳至正高分子材料股份有限公司,广东省,深圳市,橡胶和塑料制品业,C29,49000000,0.093690249,6,11,1,2,"上海至正企业集团有限公司,侯海良,冯琪虹",上海市,,,Pre-COVID
603991,2019,深圳至正高分子材料股份有限公司,广东省,深圳市,橡胶和塑料制品业,C29,31060718.71,0.40142346,5,1,1,1,上海至正企业集团有限公司,上海市,,机械设备及零配件、建筑材料的销售，从事货物及技术的进出口业务，国内货物运输代理服务，财务咨询，企业管理咨询，建筑工程。【依法须经批准的项目，经相关部门批准后方可开展经营活动】,Pre-COVID
603991,2019,深圳至正高分子材料股份有限公司,广东省,深圳市,橡胶和塑料制品业,C29,43307722.44,0.559701658,5,1,1,1,上海至正企业集团有限公司,上海市,,机械设备及零配件、建筑材料的销售，从事货物及技术的进出口业务，国内货物运输代理服务，财务咨询，企业管理咨询，建筑工程。【依法须经批准的项目，经相关部门批准后方可开展经营活动】,Pre-COVID
603991,2019,深圳至正高分子材料股份有限公司,广东省,深圳市,橡胶和塑料制品业,C29,2000000,0.025847661,5,3,1,1,上海赋庭企业管理有限公司,上海市,,,Pre-COVID
603991,2019,深圳至正高分子材料股份有限公司,广东省,深圳市,橡胶和塑料制品业,C29,1008000,0.013027221,5,3,1,1,上海赋美科贸有限公司,上海市,,,Pre-COVID
603991,2020,深圳至正高分子材料股份有限公司,广东省,深圳市,橡胶和塑料制品业,C29,9786363.76,1,3,12,1,2,上海齐楚物流有限公司,上海市,,,During-COVID
603991,2020,深圳至正高分子材料股份有限公司,广东省,深圳市,橡胶和塑料制品业,C29,40000000,0.15936255,6,1,1,2,深圳市正信同创投资发展有限公司,广东省,深圳市,商务服务业,During-COVID
603991,2020,深圳至正高分子材料股份有限公司,广东省,深圳市,橡胶和塑料制品业,C29,15000000,0.059760956,6,11,1,2,深圳市正信同创投资发展有限公司,广东省,,,During-COVID
603991,2020,深圳至正高分子材料股份有限公司,广东省,深圳市,橡胶和塑料制品业,C29,20000000,1,5,1,1,2,深圳市正信同创投资发展有限公司,广东省,深圳市,商务服务业,During-COVID
603991,2020,深圳至正高分子材料股份有限公司,广东省,深圳市,橡胶和塑料制品业,C29,4643438.23,1,5,5,1,1,上海至正企业集团有限公司,上海市,,,During-COVID
603991,2021,深圳至正高分子材料股份有限公司,广东省,深圳市,橡胶和塑料制品业,C29,1424292.54,1,3,12,1,2,上海齐楚物流有限公司,上海市,,,During-COVID
603991,2021,深圳至正高分子材料股份有限公司,广东省,深圳市,橡胶和塑料制品业,C29,20000000,0.666666667,5,1,1,2,深圳市正信同创投资发展有限公司,广东省,深圳市,商务服务业,During-COVID
603991,2021,深圳至正高分子材料股份有限公司,广东省,深圳市,橡胶和塑料制品业,C29,10000000,0.333333333,5,1,1,2,深圳市正信同创投资发展有限公司,广东省,深圳市,商务服务业,During-COVID
603991,2022,深圳至正高分子材料股份有限公司,广东省,深圳市,橡胶和塑料制品业,C29,731958.97,1,3,12,1,2,上海齐楚物流有限公司,上海市,,,During-COVID
603991,2023,深圳至正高分子材料股份有限公司,广东省,深圳市,橡胶和塑料制品业,C29,1385609.91,0.433416727,3,12,1,2,上海齐楚物流有限公司,上海市,,,Post-COVID
603991,2023,深圳至正高分子材料股份有限公司,广东省,深圳市,橡胶和塑料制品业,C29,1811336.18,0.566583273,3,12,1,2,上海至真源科技发展有限公司,上海市,,,Post-COVID
603991,2023,深圳至正高分子材料股份有限公司,广东省,深圳市,橡胶和塑料制品业,C29,88495.59,0.004830074,1,12,1,2,捷螺智能设备(苏州)有限公司,江苏省,苏州市,,Post-COVID
603991,2023,深圳至正高分子材料股份有限公司,广东省,深圳市,橡胶和塑料制品业,C29,6899726.56,0.376585902,1,12,1,2,苏州盈泷泽半导体设备有限公司,江苏省,苏州市,,Post-COVID
603991,2023,深圳至正高分子材料股份有限公司,广东省,深圳市,橡胶和塑料制品业,C29,3842814.17,0.209740144,1,12,1,2,上海友相电子科技有限公司,上海市,,,Post-COVID
603991,2023,深圳至正高分子材料股份有限公司,广东省,深圳市,橡胶和塑料制品业,C29,100000000,0.964794261,5,1,1,2,深圳市正信同创投资发展有限公司,广东省,深圳市,商务服务业,Post-COVID
603991,2023,深圳至正高分子材料股份有限公司,广东省,深圳市,橡胶和塑料制品业,C29,3649041.11,0.035205739,5,1,1,2,深圳市正信同创投资发展有限公司,广东省,深圳市,商务服务业,Post-COVID
603991,2024,深圳至正高分子材料股份有限公司,广东省,深圳市,橡胶和塑料制品业,C29,7280183.1,1,3,12,1,2,上海至真源科技发展有限公司,上海市,,,Post-COVID
603991,2024,深圳至正高分子材料股份有限公司,广东省,深圳市,橡胶和塑料制品业,C29,3565095.21,0.760860599,1,12,1,2,苏州盈泷泽半导体设备有限公司,江苏省,苏州市,,Post-COVID
603991,2024,深圳至正高分子材料股份有限公司,广东省,深圳市,橡胶和塑料制品业,C29,252743.37,0.053940347,1,12,1,2,上海友相电子科技有限公司,上海市,,,Post-COVID
603991,2024,深圳至正高分子材料股份有限公司,广东省,深圳市,橡胶和塑料制品业,C29,867770.34,0.185199054,1,12,1,2,苏州新士凯工业设备有限公司,江苏省,苏州市,,Post-COVID
603991,2024,深圳至正高分子材料股份有限公司,广东省,深圳市,橡胶和塑料制品业,C29,8849.57,1,1,12,1,1,苏州盈泷泽半导体设备有限公司,江苏省,苏州市,,Post-COVID
603991,2024,深圳至正高分子材料股份有限公司,广东省,深圳市,橡胶和塑料制品业,C29,95500000,0.953816386,5,1,1,2,深圳市正信同创投资发展有限公司,广东省,深圳市,商务服务业,Post-COVID
603991,2024,深圳至正高分子材料股份有限公司,广东省,深圳市,橡胶和塑料制品业,C29,4624092.47,0.046183614,5,1,1,2,深圳市正信同创投资发展有限公司,广东省,深圳市,商务服务业,Post-COVID
605499,2022,东鹏饮料(集团)股份有限公司,广东省,深圳市,酒、饮料和精制茶制造业,C15,8000000,1,9,12,1,1,深圳市东鹏饮料公益基金会,广东省,,,During-COVID
605499,2023,东鹏饮料(集团)股份有限公司,广东省,深圳市,酒、饮料和精制茶制造业,C15,21169811.3,1,3,3,1,2,深圳鹏智瑞数字营销有限公司,广东省,,,Post-COVID
605499,2023,东鹏饮料(集团)股份有限公司,广东省,深圳市,酒、饮料和精制茶制造业,C15,510459.38,1,7,3,1,1,深圳鹏智瑞数字营销有限公司,广东省,,,Post-COVID
605499,2023,东鹏饮料(集团)股份有限公司,广东省,深圳市,酒、饮料和精制茶制造业,C15,4202500.04,1,7,3,1,2,海丰县顺宝泉物业管理有限公司,广东省,汕尾市,,Post-COVID
605499,2023,东鹏饮料(集团)股份有限公司,广东省,深圳市,酒、饮料和精制茶制造业,C15,2980099.36,1,13,3,1,1,臻昌汇投资(深圳)有限公司,广东省,,,Post-COVID
605499,2023,东鹏饮料(集团)股份有限公司,广东省,深圳市,酒、饮料和精制茶制造业,C15,622259,1,9,12,1,1,深圳市东鹏饮料公益基金会,广东省,,,Post-COVID
605499,2024,东鹏饮料(集团)股份有限公司,广东省,深圳市,酒、饮料和精制茶制造业,C15,28020000.26,1,3,3,1,2,深圳鹏智瑞数字营销有限公司,广东省,,,Post-COVID
605499,2024,东鹏饮料(集团)股份有限公司,广东省,深圳市,酒、饮料和精制茶制造业,C15,885174.6,1,7,3,1,1,深圳鹏智瑞数字营销有限公司,广东省,,,Post-COVID
605499,2024,东鹏饮料(集团)股份有限公司,广东省,深圳市,酒、饮料和精制茶制造业,C15,1102500,1,7,3,1,2,海丰县顺宝泉物业管理有限公司,广东省,汕尾市,,Post-COVID
605499,2024,东鹏饮料(集团)股份有限公司,广东省,深圳市,酒、饮料和精制茶制造业,C15,25500000,1,9,10,1,1,深圳市东鹏饮料公益基金会,广东省,,,Post-COVID
